brand,model,variant,year,fuel_type,transmission,km_driven,engine_cc,mileage,ownership,location,seats,condition,insurance_valid,price
MG,Hector,Style,2024,Diesel,Manual,17600,2006,14.6,1st Owner,Chandigarh,5,Poor,True,835000
Honda,Amaze,VX,2022,Petrol,Manual,62585,1149,18.4,3rd Owner,Kochi,5,Excellent,True,355000
Mahindra,Scorpio-N,Z4,2016,Diesel,Manual,77414,2184,13.3,3rd Owner,Chandigarh,7,Fair,True,350000
Skoda,Slavia,Ambition,2014,Petrol,Automatic,106939,1448,19.0,3rd Owner,Delhi,5,Good,True,350000
Volkswagen,Polo,Highline,2015,Petrol,Automatic,104126,1049,19.5,1st Owner,Chandigarh,5,Good,True,155000
Kia,Sonet,HTK,2023,Diesel,Manual,25781,1197,18.1,1st Owner,Hyderabad,5,Fair,True,510000
Kia,Carens,Luxury Plus,2015,Diesel,Manual,115270,1497,17.2,4+ Owners,Chandigarh,7,Poor,False,350000
Tata,Altroz,XZ,2014,Petrol,Manual,100669,1249,19.1,1st Owner,Ahmedabad,5,Poor,False,120000
Skoda,Slavia,Style,2024,Petrol,Automatic,20973,1498,18.3,4+ Owners,Mumbai,5,Fair,True,600000
Hyundai,Alcazar,Platinum,2023,Petrol,Manual,35024,1543,19.5,1st Owner,Chandigarh,7,Fair,False,900000
Mahindra,Scorpio-N,Z4,2013,Petrol,Manual,100201,2184,15.4,2nd Owner,Bengaluru,7,Poor,True,350000
Audi,Q3,40 TFSI,2016,Petrol,Automatic,127488,1984,17.0,4+ Owners,Delhi,5,Good,True,730000
Maruti Suzuki,Ciaz,Delta,2022,Petrol,Manual,25616,1412,18.7,1st Owner,Lucknow,5,Fair,True,495000
Toyota,Camry,2.5 Hybrid,2021,Hybrid,Automatic,53654,2487,20.0,2nd Owner,Delhi,5,Excellent,False,2195000
Kia,Sonet,HTE,2023,Petrol,Manual,39347,1147,17.6,2nd Owner,Jaipur,5,Poor,True,360000
Toyota,Camry,2.5 Hybrid,2014,Hybrid,Automatic,86792,2487,20.1,1st Owner,Kochi,5,Good,True,975000
Volkswagen,Virtus,GT Plus,2013,Petrol,Automatic,80851,1498,19.9,4+ Owners,Chennai,5,Poor,False,350000
Toyota,Innova Crysta,GX,2022,Diesel,Automatic,24565,2393,15.4,2nd Owner,Mumbai,7,Excellent,True,1190000
Hyundai,Alcazar,Prestige,2019,Petrol,Manual,43900,1493,18.6,3rd Owner,Chennai,7,Good,False,485000
Kia,Seltos,HTX,2020,Diesel,Manual,40420,1547,18.5,1st Owner,Delhi,5,Good,False,520000
Mahindra,Thar,AX(O),2018,Diesel,Manual,110332,2184,15.8,1st Owner,Vadodara,4,Fair,True,410000
Tata,Harrier,Smart,2014,Diesel,Automatic,126842,2006,16.3,3rd Owner,Jaipur,5,Poor,False,350000
Audi,A4,40 TFSI Premium,2023,Petrol,Automatic,16224,1984,18.2,3rd Owner,Bengaluru,5,Poor,False,1865000
Hyundai,Creta,EX,2021,Petrol,Automatic,45171,1447,15.4,3rd Owner,Kochi,5,Excellent,False,505000
Honda,City,VX,2021,Hybrid,Manual,48052,1448,18.9,1st Owner,Bengaluru,5,Fair,False,565000
Audi,Q3,35 TDI Quattro,2017,Petrol,Automatic,107037,1984,15.0,4+ Owners,Pune,5,Fair,True,765000
MG,Hector,Sharp Pro,2018,Diesel,Manual,86337,2006,15.8,3rd Owner,Mumbai,5,Excellent,False,390000
Toyota,Fortuner,2.7 4x2,2022,Diesel,Automatic,47705,2755,14.5,1st Owner,Ahmedabad,7,Good,False,2000000
Kia,Seltos,X-Line,2021,Petrol,Automatic,62476,1547,18.3,3rd Owner,Vadodara,5,Excellent,False,530000
MG,Astor,Smart,2019,Petrol,Manual,66889,1548,16.1,2nd Owner,Chandigarh,5,Fair,False,350000
Maruti Suzuki,Ertiga,ZXi,2016,CNG,Automatic,139418,1462,21.0,4+ Owners,Kochi,7,Good,True,165000
MG,Astor,Style,2016,Petrol,Manual,91034,1448,13.4,4+ Owners,Chandigarh,5,Excellent,False,350000
MG,Hector,Sharp Pro,2020,Diesel,Manual,46592,1906,16.6,2nd Owner,Bengaluru,5,Poor,True,450000
Audi,A4,40 TFSI Technology,2015,Petrol,Automatic,150031,1984,18.4,4+ Owners,Bengaluru,5,Poor,False,475000
Honda,WR-V,VX,2023,Petrol,Manual,36887,1548,16.9,3rd Owner,Pune,5,Fair,True,405000
Honda,Civic,ZX,2015,Petrol,Automatic,143445,1799,16.6,4+ Owners,Mumbai,5,Good,False,350000
Mercedes-Benz,GLC,GLC 220d,2022,Diesel,Automatic,26147,1993,15.5,4+ Owners,Jaipur,5,Good,False,2520000
Kia,Sonet,HTE,2019,Diesel,Automatic,64585,1147,19.8,1st Owner,Ahmedabad,5,Excellent,True,375000
Tata,Safari,Pure,2013,Diesel,Automatic,147186,1956,15.8,4+ Owners,Chennai,7,Poor,False,350000
Volkswagen,Virtus,Comfortline,2018,Petrol,Manual,49780,1448,17.7,1st Owner,Chandigarh,5,Good,True,405000
MG,Hector,Shine,2020,Diesel,Automatic,50370,1906,17.2,1st Owner,Chandigarh,5,Excellent,False,760000
Kia,Sonet,HTK,2014,Petrol,Manual,129275,1247,19.2,3rd Owner,Jaipur,5,Poor,False,120000
MG,Astor,Style,2019,Petrol,Manual,93648,1548,16.0,4+ Owners,Surat,5,Good,False,350000
Skoda,Octavia,L&K,2022,Petrol,Automatic,52941,1984,16.9,1st Owner,Chennai,5,Poor,True,1300000
Renault,Kiger,RXZ,2019,Petrol,Manual,100011,949,19.1,3rd Owner,Kochi,5,Fair,False,170000
Renault,Kiger,RXT,2021,Petrol,Manual,36964,1049,18.8,2nd Owner,Surat,5,Poor,False,230000
Maruti Suzuki,Baleno,Zeta,2016,CNG,Manual,112206,1197,23.1,3rd Owner,Ahmedabad,5,Fair,False,120000
Toyota,Glanza,G,2016,Petrol,Manual,109648,1247,22.4,2nd Owner,Hyderabad,5,Good,False,155000
Renault,Kiger,RXZ,2017,Petrol,Manual,97404,999,18.1,1st Owner,Surat,5,Good,False,190000
Maruti Suzuki,Ciaz,Zeta,2024,Petrol,Automatic,11560,1512,19.4,4+ Owners,Kolkata,5,Fair,True,500000
Toyota,Camry,2.5 Hybrid,2014,Hybrid,Automatic,83434,2487,18.1,3rd Owner,Delhi,5,Good,True,775000
Kia,Carens,Prestige,2021,Diesel,Automatic,67136,1547,18.0,3rd Owner,Chandigarh,7,Excellent,True,540000
Honda,Amaze,S,2023,Petrol,Manual,28634,1249,17.3,1st Owner,Ahmedabad,5,Poor,False,345000
Honda,WR-V,VX,2024,Diesel,Manual,19982,1548,17.8,2nd Owner,Ahmedabad,5,Excellent,True,665000
Toyota,Innova Crysta,GX,2013,Diesel,Automatic,142659,2393,14.0,3rd Owner,Surat,7,Poor,False,350000
Volkswagen,Taigun,Comfortline,2022,Petrol,Automatic,45222,1448,16.6,1st Owner,Kochi,5,Fair,True,725000
Tata,Safari,Accomplished,2017,Diesel,Automatic,123998,1956,15.8,3rd Owner,Pune,7,Excellent,True,450000
BMW,5 Series,530d M Sport,2023,Diesel,Automatic,37795,1995,16.7,1st Owner,Kochi,5,Poor,True,3460000
Skoda,Kushaq,Monte Carlo,2013,Petrol,Automatic,187413,1448,17.0,2nd Owner,Chennai,5,Poor,False,350000
MG,Hector,Shine,2017,Petrol,Automatic,67424,1906,15.7,1st Owner,Vadodara,5,Good,False,500000
Toyota,Glanza,V,2020,CNG,Manual,79267,1197,21.4,2nd Owner,Lucknow,5,Excellent,False,295000
Audi,A6,45 TFSI Technology,2021,Petrol,Automatic,54061,2034,14.3,4+ Owners,Lucknow,5,Good,False,2215000
Mahindra,Scorpio-N,Z8L,2021,Diesel,Automatic,55450,2184,15.9,2nd Owner,Chandigarh,7,Poor,True,560000
Kia,Seltos,HTX,2024,Diesel,Automatic,23142,1497,18.4,2nd Owner,Jaipur,5,Fair,True,835000
Volkswagen,Virtus,GT Plus,2013,Petrol,Automatic,108102,1498,19.4,3rd Owner,Pune,5,Poor,True,350000
Audi,Q3,40 TFSI,2018,Diesel,Automatic,56814,2034,16.4,3rd Owner,Hyderabad,5,Excellent,False,1310000
Mercedes-Benz,GLC,GLC 220d,2020,Petrol,Automatic,35597,1993,15.6,3rd Owner,Pune,5,Fair,False,1935000
Skoda,Kushaq,Ambition,2015,Petrol,Manual,134882,1498,19.1,2nd Owner,Hyderabad,5,Poor,False,350000
MG,Hector,Sharp Pro,2017,Petrol,Manual,120794,2006,15.2,4+ Owners,Surat,5,Fair,False,350000
Honda,Civic,VX,2014,Petrol,Automatic,143419,1849,15.9,4+ Owners,Chennai,5,Excellent,True,350000
BMW,5 Series,530d M Sport,2016,Diesel,Automatic,91256,2045,18.2,2nd Owner,Vadodara,5,Excellent,True,1615000
Volkswagen,Virtus,Topline,2024,Petrol,Manual,23022,1548,18.3,2nd Owner,Bengaluru,5,Fair,False,720000
Toyota,Camry,2.5 Hybrid,2024,Hybrid,Automatic,24579,2487,18.0,2nd Owner,Lucknow,5,Poor,False,2255000
Kia,Seltos,HTX,2021,Petrol,Automatic,60485,1547,16.6,3rd Owner,Delhi,5,Good,False,480000
Skoda,Kushaq,Ambition,2023,Petrol,Automatic,35542,1448,16.8,1st Owner,Chennai,5,Poor,True,635000
Skoda,Slavia,Ambition,2020,Petrol,Automatic,53983,1548,17.3,4+ Owners,Chandigarh,5,Poor,False,350000
Mahindra,XUV700,AX7,2020,Petrol,Automatic,47780,2184,14.1,3rd Owner,Mumbai,7,Poor,False,425000
Hyundai,Venue,E,2023,Petrol,Manual,21948,1147,19.0,2nd Owner,Delhi,5,Good,True,540000
Honda,WR-V,SV,2022,Petrol,Manual,31609,1548,16.8,2nd Owner,Delhi,5,Excellent,True,475000
Mercedes-Benz,C-Class,C 300d,2018,Petrol,Automatic,79634,1943,17.6,1st Owner,Surat,5,Excellent,False,1985000
Mahindra,Bolero,B6(O),2014,Diesel,Manual,85063,1493,15.9,1st Owner,Mumbai,7,Poor,False,135000
Hyundai,Venue,SX,2014,Petrol,Automatic,98236,1147,16.8,3rd Owner,Ahmedabad,5,Fair,False,120000
Kia,Seltos,HTE,2023,Petrol,Automatic,39937,1497,16.5,4+ Owners,Ahmedabad,5,Poor,True,435000
Mahindra,Scorpio-N,Z6,2015,Diesel,Manual,79832,2184,13.3,1st Owner,Surat,7,Fair,True,350000
Renault,Kiger,RXZ,2018,Petrol,Automatic,97273,1049,17.8,3rd Owner,Chandigarh,5,Fair,False,160000
Skoda,Slavia,Active,2023,Petrol,Manual,25055,1548,18.1,3rd Owner,Chandigarh,5,Good,False,630000
Mercedes-Benz,GLC,GLC 220d,2022,Diesel,Automatic,36297,2043,15.5,3rd Owner,Pune,5,Excellent,True,3330000
Renault,Kiger,RXT,2014,Petrol,Manual,94727,949,18.7,4+ Owners,Pune,5,Good,False,120000
Mahindra,Bolero,B6(O),2014,Diesel,Manual,99763,1543,14.7,4+ Owners,Vadodara,7,Poor,False,120000
Kia,Sonet,HTK,2021,Petrol,Automatic,63031,1197,18.9,4+ Owners,Jaipur,5,Fair,True,265000
Renault,Kwid,RXT,2016,Petrol,Manual,82666,999,21.5,1st Owner,Kolkata,5,Poor,True,120000
Skoda,Octavia,Style,2021,Petrol,Automatic,59218,1984,14.4,1st Owner,Lucknow,5,Fair,False,1290000
BMW,X1,sDrive20i,2017,Petrol,Automatic,58390,1945,17.2,4+ Owners,Lucknow,5,Fair,True,810000
Hyundai,i20,Asta(O),2022,Petrol,Manual,51019,1247,19.9,3rd Owner,Kochi,5,Good,True,350000
Hyundai,Grand i10 Nios,Magna,2018,CNG,Manual,76652,1147,20.0,2nd Owner,Chandigarh,5,Good,True,175000
Mercedes-Benz,GLC,GLC 300,2020,Diesel,Automatic,65547,1993,13.4,4+ Owners,Vadodara,5,Fair,False,1700000
Mahindra,Bolero,B4,2017,Diesel,Manual,56476,1493,17.0,1st Owner,Vadodara,7,Excellent,False,295000
Skoda,Octavia,Style,2020,Petrol,Automatic,86966,1934,17.2,4+ Owners,Delhi,5,Fair,True,770000
Tata,Nexon,Pure,2024,Diesel,Automatic,33736,1249,16.4,3rd Owner,Chennai,5,Poor,False,415000
MG,Hector,Smart,2014,Diesel,Manual,148651,1956,16.5,2nd Owner,Pune,5,Excellent,True,350000
Toyota,Camry,2.5 Hybrid,2022,Hybrid,Automatic,50065,2487,20.0,1st Owner,Vadodara,5,Poor,False,1910000
Toyota,Innova Crysta,GX,2018,Diesel,Manual,75941,2393,14.1,3rd Owner,Lucknow,7,Excellent,True,585000
Mercedes-Benz,GLC,GLC 220d,2022,Diesel,Automatic,33594,2043,15.5,2nd Owner,Surat,5,Poor,True,2505000
MG,Hector,Sharp Pro,2022,Diesel,Automatic,44081,1906,15.2,4+ Owners,Lucknow,5,Good,False,645000
Renault,Triber,RXZ,2017,Petrol,Automatic,77166,1049,17.9,3rd Owner,Mumbai,7,Poor,False,120000
Hyundai,Alcazar,Signature,2014,Diesel,Manual,103981,1493,19.3,2nd Owner,Lucknow,7,Poor,True,350000
Honda,Civic,VX,2013,Diesel,Automatic,166659,1799,15.7,1st Owner,Pune,5,Good,True,350000
Hyundai,Alcazar,Signature,2018,Petrol,Manual,53716,1493,18.7,2nd Owner,Kochi,7,Poor,False,360000
Hyundai,Creta,S,2016,Petrol,Automatic,78930,1447,16.2,1st Owner,Hyderabad,5,Poor,False,350000
Audi,A6,45 TFSI Premium Plus,2023,Petrol,Automatic,35348,1934,14.4,2nd Owner,Chandigarh,5,Poor,True,2915000
Hyundai,Grand i10 Nios,Sportz,2014,Petrol,Automatic,161137,1247,20.4,3rd Owner,Chennai,5,Excellent,False,120000
Mahindra,XUV700,MX,2022,Diesel,Manual,28676,2184,14.1,2nd Owner,Lucknow,7,Poor,False,610000
Mercedes-Benz,C-Class,C 220d,2024,Diesel,Automatic,20916,1943,17.8,1st Owner,Pune,5,Fair,False,4060000
Skoda,Kushaq,Style,2013,Petrol,Automatic,150807,1548,17.4,1st Owner,Kochi,5,Fair,False,350000
BMW,5 Series,530d M Sport,2018,Petrol,Automatic,115226,2045,16.7,1st Owner,Surat,5,Poor,True,1615000
Audi,A4,40 TFSI Technology,2018,Petrol,Automatic,91819,1984,17.2,4+ Owners,Bengaluru,5,Poor,False,770000
BMW,5 Series,530d M Sport,2017,Petrol,Automatic,115847,2045,18.3,2nd Owner,Mumbai,5,Good,False,1580000
Hyundai,i20,Asta,2018,Petrol,Manual,71475,1197,20.0,1st Owner,Chandigarh,5,Good,False,250000
MG,Astor,Super,2014,Petrol,Manual,174594,1498,16.0,1st Owner,Chennai,5,Fair,False,350000
Renault,Triber,RXZ,2016,Petrol,Manual,75536,949,20.2,4+ Owners,Delhi,7,Fair,False,120000
Skoda,Octavia,L&K,2017,Petrol,Automatic,111633,1934,14.7,2nd Owner,Kochi,5,Good,True,770000
Maruti Suzuki,Wagon R,ZXi,2022,CNG,Automatic,29916,948,24.6,4+ Owners,Jaipur,5,Poor,False,180000
Hyundai,i20,Asta,2023,Petrol,Automatic,45372,1197,19.2,2nd Owner,Kochi,5,Good,False,470000
Audi,A4,40 TFSI Premium,2021,Petrol,Automatic,42138,1984,18.7,2nd Owner,Pune,5,Fair,True,1920000
MG,Astor,Super,2023,Petrol,Manual,41464,1548,16.1,2nd Owner,Bengaluru,5,Fair,True,580000
Maruti Suzuki,Baleno,Sigma,2023,CNG,Manual,34971,1197,24.1,3rd Owner,Vadodara,5,Fair,False,310000
Mercedes-Benz,GLC,GLC 300,2017,Diesel,Automatic,61418,1993,14.4,4+ Owners,Hyderabad,5,Fair,True,1180000
BMW,5 Series,530d M Sport,2019,Petrol,Automatic,98798,1995,16.6,1st Owner,Chennai,5,Poor,True,1820000
Maruti Suzuki,Ertiga,ZXi Plus,2022,CNG,Manual,35828,1512,21.2,2nd Owner,Kochi,7,Good,False,510000
Volkswagen,Taigun,Topline,2020,Petrol,Manual,78933,1498,19.2,2nd Owner,Chandigarh,5,Fair,True,405000
Volkswagen,Polo,GT TSI,2017,Petrol,Manual,115734,999,18.9,4+ Owners,Pune,5,Excellent,False,125000
Skoda,Slavia,Ambition,2021,Petrol,Manual,65906,1498,19.3,3rd Owner,Lucknow,5,Excellent,True,510000
Kia,Sonet,HTX,2021,Diesel,Manual,50646,1197,18.4,1st Owner,Mumbai,5,Good,False,425000
Skoda,Kushaq,Ambition,2022,Petrol,Automatic,43534,1498,19.4,3rd Owner,Chandigarh,5,Fair,False,530000
Toyota,Camry,2.5 Hybrid,2018,Hybrid,Automatic,103632,2487,20.0,1st Owner,Chandigarh,5,Poor,False,1175000
Mercedes-Benz,GLC,GLC 220d,2024,Petrol,Automatic,22175,2043,15.4,4+ Owners,Bengaluru,5,Good,True,3530000
BMW,3 Series,320d Luxury Line,2013,Diesel,Automatic,165674,1995,16.7,4+ Owners,Jaipur,5,Poor,True,410000
Skoda,Slavia,Style,2018,Petrol,Automatic,87957,1498,19.7,3rd Owner,Jaipur,5,Fair,False,350000
Honda,Amaze,S,2021,Petrol,Manual,55115,1249,17.7,4+ Owners,Pune,5,Poor,False,180000
Mercedes-Benz,GLC,GLC 300,2017,Petrol,Automatic,113830,1943,14.1,3rd Owner,Surat,5,Excellent,False,1540000
MG,Astor,Sharp,2016,Petrol,Automatic,102749,1448,15.1,2nd Owner,Hyderabad,5,Excellent,True,350000
Maruti Suzuki,Baleno,Alpha,2018,CNG,Manual,62100,1247,24.3,2nd Owner,Ahmedabad,5,Poor,False,155000
Mercedes-Benz,E-Class,E 200,2017,Petrol,Automatic,93003,2043,15.7,1st Owner,Bengaluru,5,Poor,True,1705000
Maruti Suzuki,Alto,LXi,2015,CNG,Manual,68549,846,25.0,3rd Owner,Chennai,5,Poor,False,120000
Tata,Altroz,XZ,2017,Petrol,Manual,101415,1249,19.2,3rd Owner,Surat,5,Good,True,165000
Mercedes-Benz,E-Class,E 350d,2023,Petrol,Automatic,40936,2043,14.5,4+ Owners,Vadodara,5,Excellent,True,3850000
Volkswagen,Taigun,Highline,2013,Petrol,Automatic,131473,1498,19.2,3rd Owner,Chandigarh,5,Excellent,False,350000
BMW,3 Series,320d Luxury Line,2023,Petrol,Automatic,31694,1995,16.7,3rd Owner,Surat,5,Excellent,False,2695000
Honda,Amaze,E,2020,Petrol,Automatic,75539,1249,18.7,4+ Owners,Kochi,5,Good,True,240000
Renault,Kwid,CLIMBER,2021,Petrol,Manual,36201,1049,23.2,2nd Owner,Chandigarh,5,Good,True,225000
Skoda,Kushaq,Active,2023,Petrol,Automatic,26828,1498,18.8,4+ Owners,Bengaluru,5,Poor,False,440000
Skoda,Kushaq,Style,2024,Petrol,Automatic,16387,1548,17.1,1st Owner,Mumbai,5,Poor,False,755000
Skoda,Slavia,Active,2020,Petrol,Automatic,75136,1448,19.3,4+ Owners,Pune,5,Poor,False,350000
Kia,Sonet,HTE,2023,Petrol,Automatic,22753,1247,18.1,2nd Owner,Surat,5,Good,True,560000
Toyota,Camry,2.5 Hybrid,2021,Hybrid,Automatic,53821,2487,18.6,3rd Owner,Hyderabad,5,Excellent,True,2115000
Kia,Carens,Premium,2016,Petrol,Manual,73080,1497,16.8,1st Owner,Hyderabad,7,Excellent,False,350000
Skoda,Slavia,Active,2015,Petrol,Manual,124717,1448,17.9,2nd Owner,Vadodara,5,Good,False,350000
Maruti Suzuki,Ciaz,Delta,2023,Petrol,Automatic,21946,1512,20.5,3rd Owner,Surat,5,Poor,False,365000
Kia,Seltos,X-Line,2020,Petrol,Manual,63927,1497,18.2,4+ Owners,Ahmedabad,5,Good,False,350000
Honda,WR-V,SV,2020,Diesel,Manual,87770,1448,16.8,1st Owner,Lucknow,5,Excellent,True,425000
Renault,Kiger,RXZ,2021,Petrol,Automatic,48565,999,20.5,1st Owner,Hyderabad,5,Good,True,405000
Mercedes-Benz,E-Class,E 220d,2024,Petrol,Automatic,21111,1993,14.6,3rd Owner,Chennai,5,Fair,False,3955000
Volkswagen,Taigun,Comfortline,2024,Petrol,Automatic,20729,1498,17.5,2nd Owner,Surat,5,Good,True,915000
Renault,Kiger,RXZ,2019,Petrol,Manual,65902,949,18.7,2nd Owner,Kolkata,5,Fair,False,210000
Volkswagen,Polo,GT TSI,2020,Petrol,Automatic,50931,1049,18.3,2nd Owner,Jaipur,5,Excellent,True,315000
Hyundai,Alcazar,Prestige,2013,Diesel,Manual,124396,1543,17.1,2nd Owner,Jaipur,7,Poor,False,350000
MG,Astor,Sharp,2013,Petrol,Automatic,76796,1548,15.5,3rd Owner,Mumbai,5,Poor,True,350000
Hyundai,Grand i10 Nios,Magna,2016,Petrol,Automatic,118449,1197,19.4,4+ Owners,Kolkata,5,Good,True,120000
Audi,A4,40 TFSI Premium,2014,Petrol,Automatic,149946,1934,17.8,2nd Owner,Delhi,5,Poor,False,565000
Mahindra,Bolero,B4,2021,Diesel,Manual,51105,1493,14.6,1st Owner,Vadodara,7,Fair,True,425000
Audi,A6,45 TFSI Premium Plus,2016,Petrol,Automatic,73503,1934,14.3,4+ Owners,Vadodara,5,Fair,False,1025000
Tata,Tiago,XE,2021,Electric,Automatic,31995,1199,19.2,1st Owner,Pune,5,Poor,False,215000
Toyota,Camry,2.5 Hybrid,2016,Hybrid,Automatic,129793,2487,19.6,4+ Owners,Delhi,5,Fair,True,730000
Hyundai,Verna,S+,2019,Petrol,Automatic,80225,1447,17.4,3rd Owner,Kolkata,5,Fair,False,350000
Hyundai,i20,Asta(O),2020,Petrol,Manual,36048,1197,20.5,3rd Owner,Lucknow,5,Poor,True,195000
Kia,Seltos,X-Line,2016,Petrol,Automatic,86044,1497,16.4,4+ Owners,Bengaluru,5,Excellent,True,350000
Kia,Sonet,GTX+,2014,Diesel,Automatic,124603,1247,18.8,4+ Owners,Delhi,5,Good,False,120000
Kia,Sonet,GTX+,2018,Diesel,Automatic,102670,1197,17.9,2nd Owner,Kolkata,5,Fair,True,240000
Mahindra,Scorpio-N,Z8,2022,Petrol,Automatic,49236,2184,15.4,4+ Owners,Pune,7,Excellent,True,695000
Skoda,Slavia,Style,2021,Petrol,Automatic,50353,1498,19.5,1st Owner,Lucknow,5,Poor,False,445000
Toyota,Innova Crysta,VX,2023,Diesel,Automatic,33739,2393,14.9,4+ Owners,Chandigarh,7,Poor,False,725000
Mercedes-Benz,E-Class,E 350d,2021,Petrol,Automatic,52151,1943,15.4,1st Owner,Chandigarh,5,Poor,False,2885000
Kia,Seltos,HTE,2014,Diesel,Manual,176891,1547,17.2,2nd Owner,Kolkata,5,Fair,False,350000
MG,Hector,Smart,2013,Diesel,Manual,143735,1906,14.6,2nd Owner,Pune,5,Fair,False,350000
Honda,Civic,VX,2020,Petrol,Automatic,81697,1749,15.9,1st Owner,Mumbai,5,Fair,True,765000
Tata,Tiago,XM,2021,Petrol,Manual,60095,1199,19.2,4+ Owners,Vadodara,5,Good,True,200000
Kia,Sonet,HTE,2024,Petrol,Automatic,28444,1147,19.0,2nd Owner,Chennai,5,Excellent,True,665000
Skoda,Slavia,Ambition,2018,Petrol,Automatic,63234,1548,19.6,3rd Owner,Chandigarh,5,Poor,False,350000
Mahindra,Scorpio-N,Z8,2022,Petrol,Automatic,27746,2184,13.9,2nd Owner,Chennai,7,Excellent,True,905000
Tata,Altroz,XZ,2019,CNG,Manual,88933,1149,19.3,2nd Owner,Jaipur,5,Good,False,225000
Tata,Harrier,Fearless,2022,Diesel,Automatic,28567,1906,15.9,4+ Owners,Jaipur,5,Poor,False,545000
Kia,Carens,Luxury Plus,2020,Petrol,Manual,38643,1497,15.1,2nd Owner,Jaipur,7,Fair,True,425000
Renault,Kiger,RXT,2021,Petrol,Manual,56843,999,19.2,1st Owner,Kochi,5,Poor,True,275000
Hyundai,Alcazar,Signature,2016,Diesel,Manual,133985,1493,19.2,1st Owner,Kolkata,7,Excellent,True,410000
BMW,X1,sDrive20i,2024,Diesel,Automatic,15947,1945,17.2,3rd Owner,Jaipur,5,Fair,True,2370000
BMW,5 Series,530d M Sport,2022,Diesel,Automatic,35627,1945,18.9,2nd Owner,Surat,5,Good,True,3495000
Mahindra,XUV700,AX7,2020,Petrol,Automatic,78862,2184,13.9,1st Owner,Ahmedabad,7,Fair,False,645000
Volkswagen,Taigun,Comfortline,2024,Petrol,Automatic,20775,1548,17.5,4+ Owners,Lucknow,5,Good,False,680000
Audi,A6,45 TFSI Technology,2021,Petrol,Automatic,54948,1934,12.9,4+ Owners,Mumbai,5,Excellent,True,2395000
Maruti Suzuki,Alto,Std,2024,Petrol,Manual,17697,746,25.2,3rd Owner,Delhi,5,Fair,True,200000
MG,Astor,Super,2019,Petrol,Manual,41615,1498,13.5,2nd Owner,Jaipur,5,Poor,True,350000
Mahindra,Thar,LX Petrol AT,2024,Petrol,Automatic,14071,2184,14.8,1st Owner,Delhi,4,Fair,False,1030000
Tata,Safari,Pure,2023,Diesel,Manual,40211,2006,16.8,4+ Owners,Pune,7,Good,True,880000
Renault,Kiger,RXT,2016,Petrol,Manual,80947,1049,19.8,3rd Owner,Ahmedabad,5,Fair,True,125000
MG,Hector,Shine,2021,Diesel,Manual,54076,2006,16.1,2nd Owner,Surat,5,Poor,False,490000
Mercedes-Benz,C-Class,C 200,2019,Petrol,Automatic,96458,2043,18.1,1st Owner,Pune,5,Fair,True,1910000
Audi,Q3,40 TFSI,2018,Petrol,Automatic,53833,2034,14.5,3rd Owner,Hyderabad,5,Excellent,True,1365000
Kia,Carens,Luxury,2023,Diesel,Automatic,35120,1547,16.6,2nd Owner,Chennai,7,Excellent,False,720000
Honda,Amaze,VX,2018,Petrol,Manual,91815,1249,20.0,2nd Owner,Mumbai,5,Good,True,225000
Hyundai,Venue,SX(O),2022,Petrol,Automatic,33464,1147,18.1,1st Owner,Bengaluru,5,Poor,False,395000
Mercedes-Benz,GLC,GLC 300,2015,Diesel,Automatic,112367,1943,14.2,4+ Owners,Chennai,5,Excellent,False,1020000
Renault,Kiger,RXE,2020,Petrol,Automatic,45633,1049,18.1,2nd Owner,Chennai,5,Excellent,True,315000
Skoda,Slavia,Active,2013,Petrol,Manual,180440,1498,19.8,2nd Owner,Lucknow,5,Excellent,False,350000
Honda,Civic,ZX,2018,Diesel,Automatic,94820,1849,17.0,1st Owner,Bengaluru,5,Good,True,680000
Hyundai,Venue,S+,2017,Diesel,Manual,117477,1197,16.6,3rd Owner,Surat,5,Good,False,180000
Volkswagen,Virtus,Highline,2015,Petrol,Automatic,70118,1548,18.1,1st Owner,Pune,5,Excellent,False,350000
BMW,5 Series,520d Luxury Line,2016,Petrol,Automatic,137591,1945,18.0,1st Owner,Mumbai,5,Good,False,1640000
Mahindra,XUV300,W4,2022,Petrol,Manual,47070,1547,20.2,4+ Owners,Vadodara,5,Good,True,345000
Audi,A6,45 TFSI Technology,2024,Petrol,Automatic,27289,1934,12.8,2nd Owner,Bengaluru,5,Excellent,True,4545000
Volkswagen,Taigun,Topline,2019,Petrol,Automatic,69211,1498,17.7,1st Owner,Delhi,5,Good,False,525000
BMW,X1,sDrive20d,2016,Diesel,Automatic,75006,1995,16.0,1st Owner,Vadodara,5,Fair,False,1025000
Tata,Nexon,Fearless,2020,Petrol,Manual,79089,1149,16.3,1st Owner,Lucknow,5,Good,True,375000
Kia,Sonet,HTE,2022,Diesel,Manual,22484,1147,19.6,4+ Owners,Kochi,5,Good,True,360000
Audi,A6,45 TFSI Premium Plus,2013,Petrol,Automatic,116872,2034,13.8,1st Owner,Ahmedabad,5,Poor,True,805000
Tata,Harrier,Adventure,2020,Diesel,Manual,60991,1956,16.5,4+ Owners,Mumbai,5,Excellent,False,520000
Kia,Seltos,X-Line,2016,Petrol,Automatic,122689,1547,17.8,3rd Owner,Chandigarh,5,Fair,False,350000
Maruti Suzuki,Wagon R,ZXi,2016,Petrol,Automatic,73318,1048,24.8,2nd Owner,Bengaluru,5,Excellent,True,155000
Toyota,Fortuner,2.8 4x2 AT,2022,Diesel,Automatic,34269,2755,13.4,3rd Owner,Kochi,7,Fair,True,1555000
Mahindra,Bolero,B6(O),2015,Diesel,Manual,164765,1443,16.0,1st Owner,Mumbai,7,Good,True,190000
Volkswagen,Virtus,Topline,2022,Petrol,Manual,45235,1498,17.3,2nd Owner,Chandigarh,5,Good,True,645000
Audi,A6,45 TFSI Premium Plus,2018,Petrol,Automatic,93056,1984,13.0,2nd Owner,Surat,5,Poor,False,1370000
Tata,Tiago,XT,2016,Electric,Manual,123016,1249,20.6,2nd Owner,Bengaluru,5,Excellent,False,130000
Mercedes-Benz,GLC,GLC 220d,2015,Diesel,Automatic,88884,1943,14.2,1st Owner,Hyderabad,5,Fair,False,1225000
Hyundai,Alcazar,Signature,2023,Diesel,Automatic,18903,1443,17.3,1st Owner,Pune,7,Fair,True,1110000
Maruti Suzuki,Alto,LXi,2024,CNG,Manual,29644,796,24.3,4+ Owners,Delhi,5,Poor,True,145000
Hyundai,Creta,S,2013,Diesel,Automatic,97510,1497,15.8,4+ Owners,Bengaluru,5,Excellent,True,350000
Renault,Triber,RXE,2019,Petrol,Automatic,56888,949,18.5,2nd Owner,Ahmedabad,7,Fair,False,210000
Hyundai,Creta,SX,2022,Diesel,Manual,29483,1447,16.6,3rd Owner,Lucknow,5,Poor,True,385000
Honda,Amaze,VX,2017,Petrol,Automatic,72080,1199,18.5,3rd Owner,Delhi,5,Poor,True,135000
Kia,Sonet,HTK,2020,Petrol,Automatic,82843,1197,17.6,3rd Owner,Chandigarh,5,Excellent,True,330000
MG,Hector,Style,2023,Diesel,Automatic,26180,1956,16.8,4+ Owners,Jaipur,5,Poor,True,560000
Hyundai,Venue,E,2021,Petrol,Manual,65617,1147,18.9,2nd Owner,Bengaluru,5,Excellent,False,370000
MG,Astor,Super,2023,Petrol,Automatic,30811,1448,14.5,4+ Owners,Jaipur,5,Fair,False,460000
Audi,A4,40 TFSI Technology,2014,Petrol,Automatic,98777,1934,17.6,1st Owner,Kochi,5,Fair,False,850000
Toyota,Camry,2.5 Hybrid,2022,Hybrid,Automatic,35796,2487,18.8,4+ Owners,Mumbai,5,Poor,False,1415000
Maruti Suzuki,Grand Vitara,Zeta,2018,Petrol,Automatic,88814,1490,28.9,1st Owner,Lucknow,5,Good,True,435000
BMW,5 Series,530d M Sport,2017,Diesel,Automatic,84948,1945,18.6,4+ Owners,Surat,5,Poor,False,1005000
Skoda,Slavia,Active,2017,Petrol,Manual,127775,1448,17.6,2nd Owner,Lucknow,5,Excellent,True,350000
Maruti Suzuki,Wagon R,ZXi,2016,CNG,Automatic,140325,998,25.6,1st Owner,Vadodara,5,Excellent,True,155000
Renault,Triber,LXL,2020,Petrol,Automatic,52311,1049,20.0,1st Owner,Chennai,7,Excellent,False,315000
Audi,Q3,35 TDI Quattro,2016,Petrol,Automatic,106789,2034,14.4,1st Owner,Kolkata,5,Good,True,1165000
Maruti Suzuki,Dzire,ZXi,2022,CNG,Automatic,53940,1197,24.0,2nd Owner,Kolkata,5,Fair,False,325000
Maruti Suzuki,Ciaz,Zeta,2021,Petrol,Automatic,42747,1412,19.5,3rd Owner,Vadodara,5,Fair,False,340000
BMW,X1,sDrive20i,2016,Petrol,Automatic,71920,2045,15.8,2nd Owner,Surat,5,Excellent,False,1100000
Toyota,Camry,2.5 Hybrid,2019,Hybrid,Automatic,80997,2487,19.7,4+ Owners,Vadodara,5,Fair,False,1115000
Audi,Q3,35 TDI Quattro,2017,Petrol,Automatic,73101,2034,16.7,2nd Owner,Vadodara,5,Fair,True,1030000
Honda,WR-V,VX,2018,Diesel,Manual,90134,1448,17.4,1st Owner,Kolkata,5,Good,True,315000
Kia,Carens,Luxury,2019,Petrol,Manual,57031,1497,16.2,4+ Owners,Bengaluru,7,Fair,True,350000
Volkswagen,Taigun,Highline,2018,Petrol,Manual,107729,1448,18.6,2nd Owner,Chandigarh,5,Good,False,355000
Mercedes-Benz,C-Class,C 220d,2022,Diesel,Automatic,53465,1993,16.5,1st Owner,Jaipur,5,Good,False,3420000
Mahindra,Bolero,B4,2013,Diesel,Manual,127832,1493,14.9,4+ Owners,Jaipur,7,Fair,True,120000
Maruti Suzuki,Ertiga,ZXi,2020,CNG,Automatic,50767,1462,20.1,2nd Owner,Bengaluru,7,Poor,True,295000
BMW,3 Series,320d Luxury Line,2024,Petrol,Automatic,18040,2045,16.6,1st Owner,Ahmedabad,5,Fair,True,3560000
Maruti Suzuki,Baleno,Sigma,2013,Petrol,Automatic,174857,1147,23.0,4+ Owners,Surat,5,Good,True,120000
MG,Hector,Smart,2019,Petrol,Automatic,60591,1906,15.8,1st Owner,Chennai,5,Excellent,True,680000
Renault,Kwid,CLIMBER,2021,Petrol,Automatic,64404,949,20.6,4+ Owners,Hyderabad,5,Poor,False,125000
Maruti Suzuki,Baleno,Sigma,2022,CNG,Manual,34283,1147,23.6,1st Owner,Chennai,5,Good,False,425000
Toyota,Glanza,V,2013,Petrol,Manual,87158,1197,23.2,3rd Owner,Ahmedabad,5,Excellent,True,120000
Maruti Suzuki,Swift,VXi,2023,Petrol,Automatic,38742,1247,21.6,1st Owner,Pune,5,Fair,True,395000
Kia,Sonet,HTX,2019,Diesel,Automatic,58976,1147,19.0,1st Owner,Lucknow,5,Good,True,355000
Renault,Triber,RXZ,2015,Petrol,Automatic,69332,999,20.3,1st Owner,Ahmedabad,7,Poor,True,120000
MG,Astor,Style,2024,Petrol,Automatic,33578,1548,15.4,1st Owner,Ahmedabad,5,Good,False,855000
MG,Astor,Super,2021,Petrol,Manual,47138,1498,15.9,2nd Owner,Delhi,5,Poor,False,350000
Toyota,Fortuner,2.8 4x2 AT,2021,Diesel,Automatic,46541,2755,14.1,4+ Owners,Delhi,7,Poor,False,900000
Volkswagen,Polo,Trendline,2014,Petrol,Automatic,84040,949,19.2,3rd Owner,Jaipur,5,Good,False,120000
Mahindra,Thar,AX(O),2020,Diesel,Automatic,75126,2184,14.0,2nd Owner,Mumbai,4,Fair,False,500000
Mercedes-Benz,E-Class,E 350d,2021,Diesel,Automatic,32439,1993,13.9,4+ Owners,Delhi,5,Fair,True,2335000
Audi,A6,45 TFSI Premium Plus,2020,Petrol,Automatic,49380,1934,15.4,1st Owner,Kochi,5,Poor,False,2130000
Skoda,Slavia,Ambition,2013,Petrol,Automatic,185184,1448,19.1,2nd Owner,Surat,5,Good,True,350000
Renault,Kiger,RXT,2021,Petrol,Automatic,50817,999,20.5,3rd Owner,Kolkata,5,Good,True,305000
BMW,X1,sDrive20i,2024,Diesel,Automatic,18017,2045,16.9,3rd Owner,Vadodara,5,Good,True,2735000
BMW,X1,sDrive20i,2024,Petrol,Automatic,30579,2045,17.0,3rd Owner,Lucknow,5,Poor,True,1970000
Maruti Suzuki,Alto,Std,2013,Petrol,Manual,133498,796,25.3,2nd Owner,Lucknow,5,Excellent,False,120000
Skoda,Slavia,Ambition,2020,Petrol,Manual,74118,1548,19.4,3rd Owner,Surat,5,Excellent,False,405000
Mercedes-Benz,GLC,GLC 300,2021,Petrol,Automatic,49912,2043,15.8,4+ Owners,Lucknow,5,Good,False,2275000
Skoda,Octavia,Style,2024,Petrol,Automatic,25612,2034,14.5,2nd Owner,Surat,5,Excellent,False,1965000
Toyota,Glanza,S,2015,CNG,Manual,129205,1247,23.6,1st Owner,Bengaluru,5,Fair,True,145000
MG,Astor,Sharp,2022,Petrol,Manual,49436,1448,16.2,1st Owner,Kochi,5,Good,False,610000
Kia,Seltos,HTX,2016,Petrol,Automatic,116151,1497,16.2,4+ Owners,Jaipur,5,Excellent,True,350000
Volkswagen,Virtus,Highline,2013,Petrol,Automatic,104463,1498,18.7,3rd Owner,Mumbai,5,Fair,False,350000
Toyota,Innova Crysta,VX,2021,Diesel,Manual,48524,2393,15.2,1st Owner,Hyderabad,7,Good,False,1060000
Honda,Civic,ZX,2014,Petrol,Automatic,163710,1749,15.3,1st Owner,Bengaluru,5,Fair,True,350000
Honda,WR-V,VX,2019,Diesel,Manual,92841,1448,17.2,1st Owner,Jaipur,5,Excellent,True,370000
Renault,Kwid,RXT,2018,Petrol,Automatic,84913,999,22.8,4+ Owners,Ahmedabad,5,Poor,True,120000
Skoda,Slavia,Active,2024,Petrol,Automatic,17603,1548,19.7,3rd Owner,Mumbai,5,Good,True,745000
Renault,Kiger,RXT,2021,Petrol,Automatic,48838,949,18.8,2nd Owner,Bengaluru,5,Good,True,350000
Toyota,Innova Crysta,GX,2015,Diesel,Automatic,79940,2393,15.6,3rd Owner,Delhi,7,Good,False,405000
Mahindra,XUV700,AX3,2014,Diesel,Manual,111246,2184,14.0,3rd Owner,Chandigarh,7,Fair,True,350000
Mahindra,Scorpio-N,Z8,2015,Petrol,Automatic,109992,2184,15.1,4+ Owners,Chennai,7,Fair,True,350000
Mahindra,XUV300,W8(O),2020,Diesel,Automatic,81651,1447,20.4,1st Owner,Lucknow,5,Fair,True,375000
Honda,WR-V,SV,2024,Petrol,Manual,25129,1548,17.7,2nd Owner,Mumbai,5,Fair,False,535000
Tata,Harrier,Fearless,2016,Diesel,Manual,140340,2006,15.6,3rd Owner,Jaipur,5,Excellent,True,350000
Mercedes-Benz,GLC,GLC 220d,2021,Petrol,Automatic,41975,2043,16.0,2nd Owner,Surat,5,Poor,False,2020000
Mercedes-Benz,E-Class,E 220d,2014,Diesel,Automatic,114709,2043,14.1,3rd Owner,Ahmedabad,5,Poor,False,840000
Maruti Suzuki,Wagon R,LXi,2024,CNG,Automatic,28684,998,25.7,3rd Owner,Chandigarh,5,Excellent,False,370000
Honda,Civic,VX,2018,Diesel,Automatic,53086,1749,16.3,2nd Owner,Delhi,5,Fair,True,515000
Tata,Harrier,Smart,2023,Diesel,Automatic,32086,1956,17.3,4+ Owners,Hyderabad,5,Good,False,785000
Maruti Suzuki,Brezza,VXi,2015,Petrol,Manual,74801,1462,21.1,4+ Owners,Chandigarh,5,Excellent,False,155000
Honda,Civic,ZX,2020,Diesel,Automatic,60294,1849,15.4,2nd Owner,Chandigarh,5,Fair,True,695000
Mahindra,XUV300,W4,2016,Diesel,Automatic,79438,1447,19.1,4+ Owners,Lucknow,5,Good,True,165000
Renault,Kiger,RXE,2021,Petrol,Manual,67640,1049,19.2,1st Owner,Kochi,5,Poor,False,245000
Maruti Suzuki,Ciaz,Alpha,2016,Petrol,Automatic,115020,1462,18.9,4+ Owners,Kochi,5,Good,True,170000
Skoda,Kushaq,Style,2016,Petrol,Manual,143540,1548,16.4,2nd Owner,Surat,5,Fair,False,350000
Tata,Safari,Adventure,2017,Diesel,Automatic,97137,1906,16.0,4+ Owners,Bengaluru,7,Fair,False,350000
Toyota,Glanza,V,2024,Petrol,Manual,22845,1247,23.6,1st Owner,Hyderabad,5,Poor,False,415000
Renault,Kiger,RXZ,2024,Petrol,Manual,20836,949,20.1,4+ Owners,Chandigarh,5,Poor,True,265000
Honda,WR-V,SV,2022,Petrol,Manual,54792,1498,18.1,1st Owner,Kochi,5,Good,False,505000
Honda,WR-V,SV,2013,Petrol,Manual,87563,1448,18.0,2nd Owner,Delhi,5,Fair,False,120000
Kia,Sonet,HTK,2021,Petrol,Manual,38046,1247,19.4,3rd Owner,Pune,5,Fair,True,305000
Honda,Civic,VX,2022,Petrol,Automatic,38138,1849,15.3,1st Owner,Jaipur,5,Fair,False,1030000
Mercedes-Benz,GLC,GLC 300,2021,Diesel,Automatic,64813,1943,15.5,4+ Owners,Vadodara,5,Poor,True,1650000
Toyota,Fortuner,Legender,2023,Petrol,Manual,36273,2755,15.6,1st Owner,Surat,7,Fair,True,2005000
Kia,Carens,Luxury,2014,Petrol,Automatic,135496,1447,17.7,3rd Owner,Bengaluru,7,Good,False,350000
Honda,Amaze,S,2016,Petrol,Manual,102743,1149,19.4,1st Owner,Delhi,5,Poor,True,140000
Skoda,Slavia,Ambition,2018,Petrol,Automatic,88049,1448,20.0,3rd Owner,Ahmedabad,5,Good,True,350000
Mercedes-Benz,E-Class,E 200,2021,Petrol,Automatic,61113,1993,16.4,4+ Owners,Pune,5,Excellent,True,2825000
Kia,Carens,Premium,2018,Diesel,Automatic,77515,1497,15.7,4+ Owners,Chandigarh,7,Fair,False,350000
Kia,Seltos,GTX+,2024,Diesel,Automatic,25707,1497,16.0,2nd Owner,Chandigarh,5,Good,True,930000
Mercedes-Benz,C-Class,C 300d,2019,Diesel,Automatic,57173,1993,17.8,2nd Owner,Ahmedabad,5,Poor,True,1560000
Audi,Q3,40 TFSI,2020,Diesel,Automatic,43213,1934,16.4,1st Owner,Hyderabad,5,Fair,False,1825000
Hyundai,Venue,S+,2017,Diesel,Automatic,93636,1147,17.2,3rd Owner,Lucknow,5,Good,True,225000
Toyota,Glanza,G,2023,CNG,Automatic,24095,1247,21.7,2nd Owner,Lucknow,5,Good,False,460000
Renault,Kiger,RXT,2014,Petrol,Manual,139287,999,18.6,3rd Owner,Surat,5,Fair,False,120000
Volkswagen,Taigun,GT,2019,Petrol,Manual,42694,1548,17.0,3rd Owner,Surat,5,Excellent,True,400000
Hyundai,Creta,E,2020,Petrol,Manual,79608,1447,15.6,2nd Owner,Delhi,5,Poor,False,350000
BMW,5 Series,530d M Sport,2023,Petrol,Automatic,42685,1945,16.0,3rd Owner,Lucknow,5,Fair,False,3050000
Audi,Q3,40 TFSI,2021,Diesel,Automatic,73075,2034,16.1,4+ Owners,Jaipur,5,Fair,False,1310000
Honda,City,VX,2017,Hybrid,Automatic,90855,1498,16.3,2nd Owner,Pune,5,Fair,False,350000
BMW,5 Series,530d M Sport,2017,Petrol,Automatic,96979,1945,17.5,2nd Owner,Ahmedabad,5,Poor,False,1210000
BMW,X1,sDrive20i,2019,Petrol,Automatic,53996,2045,15.5,3rd Owner,Chennai,5,Fair,False,1130000
Hyundai,i20,Sportz,2017,Petrol,Automatic,121220,1247,20.7,2nd Owner,Pune,5,Excellent,True,205000
Skoda,Slavia,Active,2014,Petrol,Automatic,99759,1548,17.0,1st Owner,Bengaluru,5,Excellent,False,350000
Kia,Sonet,GTX+,2018,Diesel,Manual,88594,1147,17.1,4+ Owners,Delhi,5,Poor,True,135000
Audi,A6,45 TFSI Technology,2013,Petrol,Automatic,163209,1934,14.8,1st Owner,Hyderabad,5,Poor,True,770000
Honda,Civic,VX,2023,Diesel,Automatic,22485,1849,17.8,1st Owner,Chennai,5,Poor,False,920000
Maruti Suzuki,Dzire,LXi,2016,CNG,Automatic,61202,1197,24.4,4+ Owners,Kochi,5,Good,True,140000
Renault,Kiger,RXT,2024,Petrol,Automatic,15007,949,19.1,3rd Owner,Kochi,5,Excellent,True,485000
Tata,Tiago,XE,2015,CNG,Manual,124769,1199,20.7,1st Owner,Surat,5,Poor,False,120000
Toyota,Fortuner,Legender,2024,Diesel,Automatic,33813,2755,13.3,2nd Owner,Jaipur,7,Fair,False,2185000
Toyota,Innova Crysta,GX,2021,Diesel,Automatic,54534,2393,15.2,4+ Owners,Mumbai,7,Poor,True,590000
Renault,Triber,LXL,2018,Petrol,Automatic,77466,1049,19.0,2nd Owner,Chandigarh,7,Fair,False,180000
Mahindra,Thar,AX(O),2021,Petrol,Manual,39556,2184,16.3,2nd Owner,Delhi,4,Poor,True,445000
Renault,Kiger,RXT,2023,Petrol,Automatic,22414,949,19.4,1st Owner,Mumbai,5,Good,False,525000
Audi,A4,40 TFSI Technology,2023,Petrol,Automatic,40488,2034,16.1,3rd Owner,Jaipur,5,Excellent,True,2785000
Hyundai,i20,Magna,2014,Petrol,Automatic,108412,1247,20.8,2nd Owner,Jaipur,5,Poor,True,120000
Renault,Triber,RXZ,2024,Petrol,Manual,16421,1049,18.7,3rd Owner,Vadodara,7,Good,False,410000
Mahindra,Bolero,B6,2018,Diesel,Manual,90335,1543,16.1,4+ Owners,Kochi,7,Fair,False,195000
Volkswagen,Taigun,Comfortline,2024,Petrol,Automatic,17014,1448,19.3,3rd Owner,Mumbai,5,Fair,True,715000
Mahindra,Thar,LX Diesel AT,2017,Petrol,Manual,63104,2184,14.8,2nd Owner,Chennai,4,Fair,True,350000
Mercedes-Benz,E-Class,E 220d,2022,Diesel,Automatic,30375,1993,14.0,1st Owner,Chandigarh,5,Fair,True,4130000
Renault,Triber,RXE,2013,Petrol,Automatic,173319,949,20.1,2nd Owner,Surat,7,Excellent,False,120000
Skoda,Slavia,Ambition,2021,Petrol,Automatic,70772,1448,17.2,4+ Owners,Kolkata,5,Excellent,True,455000
Mercedes-Benz,E-Class,E 220d,2015,Diesel,Automatic,148563,2043,14.7,1st Owner,Ahmedabad,5,Poor,True,1205000
Volkswagen,Polo,Comfortline,2020,Petrol,Manual,87568,949,16.9,4+ Owners,Pune,5,Excellent,True,210000
Kia,Sonet,HTX,2016,Diesel,Automatic,64954,1147,19.9,4+ Owners,Chandigarh,5,Good,False,150000
Audi,A4,40 TFSI Premium,2023,Petrol,Automatic,20056,2034,16.1,2nd Owner,Lucknow,5,Fair,True,2570000
Mercedes-Benz,C-Class,C 200,2020,Diesel,Automatic,68046,2043,17.0,2nd Owner,Jaipur,5,Fair,False,1950000
Tata,Tiago,XE,2019,Electric,Manual,70085,1149,19.4,3rd Owner,Mumbai,5,Poor,True,120000
MG,Astor,Smart,2014,Petrol,Automatic,147771,1498,14.8,1st Owner,Pune,5,Poor,True,350000
Skoda,Kushaq,Active,2013,Petrol,Automatic,153072,1498,18.6,1st Owner,Pune,5,Fair,False,350000
Honda,WR-V,SV,2023,Diesel,Manual,20036,1448,16.5,4+ Owners,Vadodara,5,Good,True,435000
Skoda,Octavia,Style,2019,Petrol,Automatic,92027,2034,15.3,2nd Owner,Hyderabad,5,Good,True,1025000
Toyota,Innova Crysta,VX,2015,Diesel,Automatic,82953,2393,16.4,1st Owner,Bengaluru,7,Fair,True,460000
Mercedes-Benz,E-Class,E 200,2019,Diesel,Automatic,71884,1943,13.8,2nd Owner,Mumbai,5,Fair,True,2320000
Honda,City,VX,2014,Hybrid,Manual,174440,1548,18.2,2nd Owner,Lucknow,5,Poor,False,350000
Tata,Punch,Adventure,2013,CNG,Manual,138240,1149,20.7,2nd Owner,Kochi,5,Good,True,120000
Volkswagen,Polo,GT TSI,2024,Petrol,Automatic,23091,999,19.0,4+ Owners,Surat,5,Fair,False,330000
BMW,X1,sDrive20d,2021,Petrol,Automatic,64119,1945,16.4,4+ Owners,Surat,5,Excellent,False,1550000
MG,Hector,Shine,2017,Diesel,Automatic,99585,1956,14.8,3rd Owner,Chandigarh,5,Excellent,True,390000
MG,Astor,Style,2024,Petrol,Manual,28120,1498,14.5,4+ Owners,Mumbai,5,Good,False,555000
BMW,3 Series,330i M Sport,2014,Diesel,Automatic,102256,1945,14.9,4+ Owners,Vadodara,5,Fair,True,600000
Kia,Carens,Prestige,2019,Diesel,Manual,63084,1547,17.6,2nd Owner,Bengaluru,7,Good,True,410000
Maruti Suzuki,Alto,LXi,2017,CNG,Manual,78566,746,26.1,1st Owner,Chandigarh,5,Fair,True,120000
Audi,A6,45 TFSI Premium Plus,2022,Petrol,Automatic,42006,1984,13.8,1st Owner,Chandigarh,5,Excellent,True,4245000
Toyota,Innova Crysta,GX,2015,Diesel,Manual,125499,2393,14.0,1st Owner,Vadodara,7,Fair,False,395000
Maruti Suzuki,Baleno,Alpha,2015,Petrol,Automatic,101426,1247,23.1,1st Owner,Delhi,5,Fair,False,145000
Kia,Seltos,GTX+,2021,Petrol,Automatic,66769,1447,17.6,3rd Owner,Pune,5,Poor,True,390000
Renault,Kwid,RXT,2022,Petrol,Automatic,45816,1049,23.0,3rd Owner,Jaipur,5,Fair,True,215000
Volkswagen,Polo,GT TSI,2020,Petrol,Manual,63725,949,17.1,4+ Owners,Vadodara,5,Excellent,True,220000
Kia,Sonet,HTE,2018,Diesel,Manual,48776,1247,17.7,1st Owner,Chennai,5,Fair,False,255000
Hyundai,Alcazar,Platinum,2018,Diesel,Manual,70194,1493,19.1,4+ Owners,Kolkata,7,Excellent,True,405000
MG,Astor,Smart,2020,Petrol,Manual,88126,1548,15.5,3rd Owner,Jaipur,5,Excellent,True,385000
Mahindra,Scorpio-N,Z2,2015,Diesel,Manual,129263,2184,14.9,2nd Owner,Chandigarh,7,Poor,True,350000
Audi,A6,45 TFSI Technology,2024,Petrol,Automatic,22982,1984,15.2,3rd Owner,Kolkata,5,Fair,True,3540000
Tata,Nexon,Creative,2013,Petrol,Manual,176800,1149,18.3,2nd Owner,Hyderabad,5,Fair,False,120000
Skoda,Kushaq,Style,2015,Petrol,Manual,99569,1498,17.6,1st Owner,Mumbai,5,Fair,True,350000
Renault,Kwid,CLIMBER,2020,Petrol,Manual,88293,949,22.2,3rd Owner,Vadodara,5,Good,False,155000
Toyota,Glanza,G,2020,Petrol,Automatic,49256,1197,21.1,1st Owner,Hyderabad,5,Fair,False,300000
BMW,5 Series,520d Luxury Line,2015,Petrol,Automatic,131895,1995,16.1,1st Owner,Kolkata,5,Excellent,True,1540000
Hyundai,Venue,SX,2015,Diesel,Automatic,123753,1147,18.1,1st Owner,Kochi,5,Poor,True,140000
Mercedes-Benz,GLC,GLC 300,2014,Diesel,Automatic,167209,1943,16.0,2nd Owner,Lucknow,5,Fair,False,875000
BMW,X1,sDrive20i,2018,Diesel,Automatic,49030,1995,15.1,4+ Owners,Kolkata,5,Good,False,1050000
Renault,Kiger,RXE,2021,Petrol,Automatic,40099,1049,19.5,3rd Owner,Jaipur,5,Poor,False,220000
Honda,Amaze,VX,2015,Petrol,Automatic,79484,1149,19.5,4+ Owners,Kochi,5,Poor,False,120000
Honda,Amaze,VX,2023,Petrol,Automatic,27203,1199,18.8,4+ Owners,Bengaluru,5,Fair,False,300000
Hyundai,Alcazar,Signature,2019,Diesel,Automatic,46532,1443,19.1,1st Owner,Kochi,7,Good,True,710000
Toyota,Camry,2.5 Hybrid,2016,Hybrid,Automatic,110089,2487,20.4,4+ Owners,Surat,5,Fair,True,740000
Renault,Kiger,RXT,2015,Petrol,Manual,137531,949,17.6,3rd Owner,Delhi,5,Fair,True,120000
BMW,X1,sDrive20i,2023,Diesel,Automatic,40207,1995,16.4,2nd Owner,Kolkata,5,Good,True,2660000
Audi,A6,45 TFSI Technology,2015,Petrol,Automatic,86390,1934,14.5,2nd Owner,Surat,5,Poor,False,975000
Tata,Nexon,Pure,2023,Diesel,Automatic,37867,1199,17.4,4+ Owners,Ahmedabad,5,Fair,True,375000
Renault,Kwid,CLIMBER,2024,Petrol,Automatic,30410,1049,21.6,1st Owner,Chandigarh,5,Poor,False,275000
Volkswagen,Polo,Trendline,2015,Petrol,Automatic,156440,1049,19.4,1st Owner,Hyderabad,5,Poor,True,120000
Skoda,Octavia,L&K,2022,Petrol,Automatic,55236,1984,15.7,4+ Owners,Chandigarh,5,Fair,False,980000
Mercedes-Benz,E-Class,E 200,2015,Petrol,Automatic,109943,2043,14.9,2nd Owner,Chandigarh,5,Excellent,False,1550000
Renault,Kwid,CLIMBER,2020,Petrol,Manual,82957,999,21.3,3rd Owner,Chennai,5,Fair,True,150000
Renault,Kwid,RXT,2023,Petrol,Automatic,26899,1049,21.2,2nd Owner,Kochi,5,Excellent,False,340000
Tata,Altroz,XM,2020,Diesel,Automatic,62599,1249,19.7,2nd Owner,Chandigarh,5,Fair,True,270000
Mercedes-Benz,C-Class,C 220d,2015,Diesel,Automatic,152759,1993,17.6,2nd Owner,Ahmedabad,5,Poor,False,735000
Skoda,Kushaq,Active,2017,Petrol,Automatic,105235,1548,19.3,1st Owner,Jaipur,5,Fair,False,350000
MG,Astor,Smart,2017,Petrol,Manual,94055,1498,15.6,2nd Owner,Surat,5,Good,False,350000
Tata,Harrier,Smart,2023,Diesel,Manual,21322,1906,16.9,4+ Owners,Pune,5,Good,False,755000
Maruti Suzuki,Swift,LXi,2013,Petrol,Manual,100960,1247,21.2,2nd Owner,Delhi,5,Good,False,120000
MG,Hector,Sharp Pro,2017,Diesel,Automatic,90597,1906,15.1,1st Owner,Ahmedabad,5,Poor,False,355000
Toyota,Glanza,S,2020,Petrol,Automatic,58154,1147,22.7,1st Owner,Bengaluru,5,Poor,True,265000
Hyundai,Venue,S+,2014,Petrol,Manual,85941,1197,16.1,4+ Owners,Bengaluru,5,Excellent,True,125000
Toyota,Innova Crysta,ZX,2018,Diesel,Manual,119591,2393,15.0,4+ Owners,Lucknow,7,Excellent,True,450000
BMW,5 Series,520d Luxury Line,2022,Diesel,Automatic,46407,1945,17.8,1st Owner,Pune,5,Fair,True,3695000
Mercedes-Benz,E-Class,E 350d,2016,Petrol,Automatic,122069,1993,15.6,1st Owner,Vadodara,5,Fair,False,1535000
MG,Astor,Super,2015,Petrol,Manual,70472,1498,14.5,3rd Owner,Kolkata,5,Poor,True,350000
Maruti Suzuki,Wagon R,ZXi,2013,CNG,Manual,127654,998,26.5,2nd Owner,Surat,5,Good,True,120000
Tata,Safari,Smart,2020,Diesel,Manual,45063,1906,16.7,3rd Owner,Lucknow,7,Excellent,False,670000
Audi,Q3,35 TDI Quattro,2014,Petrol,Automatic,112389,1934,15.6,4+ Owners,Pune,5,Excellent,True,620000
Mercedes-Benz,C-Class,C 220d,2022,Petrol,Automatic,26118,1993,15.8,4+ Owners,Bengaluru,5,Fair,True,2095000
Renault,Kwid,RXT,2014,Petrol,Manual,79050,949,20.5,2nd Owner,Delhi,5,Fair,False,120000
Mercedes-Benz,E-Class,E 350d,2015,Petrol,Automatic,119399,1993,14.7,2nd Owner,Chandigarh,5,Excellent,True,1580000
Renault,Kwid,CLIMBER,2018,Petrol,Manual,78024,949,23.5,1st Owner,Chandigarh,5,Fair,True,145000
MG,Hector,Smart,2013,Petrol,Manual,113544,1956,14.8,1st Owner,Mumbai,5,Fair,False,350000
Toyota,Glanza,V,2013,Petrol,Manual,191333,1147,23.2,4+ Owners,Jaipur,5,Excellent,True,120000
BMW,5 Series,530d M Sport,2019,Petrol,Automatic,66187,1995,16.6,2nd Owner,Surat,5,Poor,True,1715000
Honda,City,VX,2022,Hybrid,Manual,50938,1448,19.1,4+ Owners,Bengaluru,5,Poor,False,350000
BMW,3 Series,320d Sport,2018,Diesel,Automatic,90108,1945,16.7,1st Owner,Chennai,5,Good,True,1760000
Volkswagen,Taigun,Highline,2018,Petrol,Automatic,67328,1548,19.2,2nd Owner,Delhi,5,Poor,False,350000
Honda,Civic,VX,2017,Petrol,Automatic,90429,1799,16.3,2nd Owner,Chandigarh,5,Good,True,505000
Maruti Suzuki,Swift,ZXi Plus,2024,Petrol,Automatic,31862,1197,23.2,1st Owner,Kolkata,5,Poor,True,375000
Mercedes-Benz,C-Class,C 300d,2024,Diesel,Automatic,18220,1993,16.1,1st Owner,Mumbai,5,Poor,False,3110000
Volkswagen,Polo,Trendline,2020,Petrol,Manual,74876,999,18.6,1st Owner,Lucknow,5,Excellent,False,310000
Mahindra,Bolero,B4,2017,Diesel,Manual,133376,1543,14.7,3rd Owner,Surat,7,Excellent,False,220000
Hyundai,Venue,S+,2020,Petrol,Automatic,70889,1247,17.7,1st Owner,Jaipur,5,Good,True,435000
Honda,City,ZX,2020,Petrol,Manual,69278,1498,17.8,4+ Owners,Chennai,5,Excellent,True,395000
Volkswagen,Taigun,Comfortline,2020,Petrol,Automatic,69261,1448,19.0,4+ Owners,Delhi,5,Excellent,False,430000
Toyota,Fortuner,2.7 4x2,2015,Diesel,Manual,96795,2755,13.2,2nd Owner,Jaipur,7,Excellent,False,685000
MG,Hector,Sharp Pro,2018,Diesel,Automatic,51584,1906,14.5,2nd Owner,Lucknow,5,Fair,False,435000
MG,Astor,Sharp,2022,Petrol,Automatic,42089,1498,13.8,3rd Owner,Hyderabad,5,Poor,False,395000
Mercedes-Benz,C-Class,C 220d,2018,Diesel,Automatic,68434,2043,17.0,2nd Owner,Bengaluru,5,Good,True,1720000
Maruti Suzuki,Wagon R,ZXi,2015,CNG,Automatic,131638,948,25.4,1st Owner,Vadodara,5,Fair,False,120000
Volkswagen,Polo,Comfortline,2021,Petrol,Manual,34668,999,19.0,4+ Owners,Pune,5,Good,True,250000
Skoda,Octavia,L&K,2023,Petrol,Automatic,30653,2034,16.5,4+ Owners,Pune,5,Excellent,False,1445000
Tata,Tiago,XE,2017,Petrol,Automatic,89796,1199,18.8,1st Owner,Chandigarh,5,Good,True,185000
Mercedes-Benz,E-Class,E 220d,2013,Petrol,Automatic,100988,1993,14.1,3rd Owner,Chandigarh,5,Excellent,False,1035000
BMW,5 Series,530d M Sport,2019,Diesel,Automatic,76292,1995,16.8,4+ Owners,Lucknow,5,Excellent,True,1945000
Volkswagen,Polo,GT TSI,2020,Petrol,Manual,80450,949,19.2,1st Owner,Bengaluru,5,Good,False,280000
Audi,Q3,40 TFSI,2014,Diesel,Automatic,76004,2034,17.0,4+ Owners,Bengaluru,5,Poor,True,450000
Audi,A6,45 TFSI Technology,2021,Petrol,Automatic,55714,1984,14.3,4+ Owners,Hyderabad,5,Excellent,True,2325000
Toyota,Camry,2.5 Hybrid,2023,Hybrid,Automatic,30873,2487,20.3,2nd Owner,Mumbai,5,Excellent,False,2955000
Hyundai,Grand i10 Nios,Sportz,2022,CNG,Automatic,44699,1247,21.7,3rd Owner,Jaipur,5,Excellent,False,295000
Maruti Suzuki,Brezza,ZXi,2020,Petrol,Automatic,48916,1462,19.4,3rd Owner,Mumbai,5,Fair,False,305000
Hyundai,Grand i10 Nios,Magna,2023,Petrol,Manual,31122,1197,21.8,3rd Owner,Chennai,5,Fair,True,285000
Mahindra,XUV700,MX,2015,Diesel,Automatic,156134,2184,13.5,2nd Owner,Delhi,7,Good,True,350000
Audi,A4,40 TFSI Premium,2019,Petrol,Automatic,53513,1934,17.3,3rd Owner,Surat,5,Fair,True,1375000
Renault,Kiger,RXT,2015,Petrol,Manual,87016,949,20.2,2nd Owner,Surat,5,Good,False,130000
Tata,Nexon,Fearless,2024,Petrol,Manual,16550,1199,16.0,1st Owner,Mumbai,5,Excellent,False,675000
Toyota,Fortuner,2.7 4x2,2017,Petrol,Manual,71617,2755,14.5,2nd Owner,Bengaluru,7,Fair,True,770000
Audi,Q3,40 TFSI,2022,Diesel,Automatic,38722,2034,16.1,1st Owner,Delhi,5,Excellent,True,2910000
Toyota,Innova Crysta,ZX,2013,Diesel,Manual,189157,2393,14.7,2nd Owner,Kolkata,7,Excellent,True,350000
Kia,Sonet,HTK,2021,Petrol,Automatic,40389,1147,18.3,2nd Owner,Kolkata,5,Fair,False,350000
Maruti Suzuki,Baleno,Zeta,2020,Petrol,Automatic,67362,1247,23.6,4+ Owners,Hyderabad,5,Poor,False,170000
Kia,Seltos,HTE,2020,Diesel,Manual,41309,1547,15.8,4+ Owners,Jaipur,5,Excellent,True,390000
Kia,Carens,Premium,2024,Petrol,Manual,23179,1497,15.6,4+ Owners,Delhi,7,Good,False,605000
Toyota,Glanza,V,2018,CNG,Automatic,115883,1197,21.2,4+ Owners,Delhi,5,Excellent,False,175000
Honda,Amaze,E,2014,Petrol,Manual,166370,1149,18.2,3rd Owner,Bengaluru,5,Fair,True,120000
MG,Astor,Sharp,2016,Petrol,Automatic,144590,1498,14.9,1st Owner,Kochi,5,Excellent,False,350000
Hyundai,Venue,SX,2018,Diesel,Automatic,104837,1147,16.5,3rd Owner,Surat,5,Good,False,230000
Toyota,Camry,2.5 Hybrid,2014,Hybrid,Automatic,164124,2487,19.1,4+ Owners,Chennai,5,Poor,False,425000
Mahindra,Scorpio-N,Z6,2013,Petrol,Manual,107303,2184,14.0,1st Owner,Kochi,7,Fair,False,350000
Mahindra,Scorpio-N,Z8,2018,Petrol,Manual,80292,2184,14.9,1st Owner,Surat,7,Excellent,False,500000
Tata,Nexon,Creative,2013,Diesel,Automatic,190529,1199,16.0,4+ Owners,Chandigarh,5,Excellent,False,120000
Kia,Sonet,HTE,2020,Petrol,Manual,73162,1247,19.3,3rd Owner,Bengaluru,5,Fair,False,255000
Honda,Civic,ZX,2014,Petrol,Automatic,120906,1799,18.0,4+ Owners,Kochi,5,Good,True,350000
Renault,Kwid,CLIMBER,2017,Petrol,Automatic,116409,999,22.9,3rd Owner,Jaipur,5,Fair,False,120000
Mahindra,XUV700,AX7,2019,Diesel,Automatic,103755,2184,15.1,2nd Owner,Chandigarh,7,Poor,True,425000
Audi,Q3,40 TFSI,2017,Diesel,Automatic,130291,1984,15.7,2nd Owner,Bengaluru,5,Fair,False,935000
Audi,A4,40 TFSI Premium,2019,Petrol,Automatic,60618,2034,17.7,4+ Owners,Hyderabad,5,Excellent,True,1330000
Honda,WR-V,VX,2020,Diesel,Manual,38945,1448,16.8,1st Owner,Chennai,5,Fair,True,370000
Maruti Suzuki,Grand Vitara,Sigma,2013,Petrol,Automatic,138507,1490,29.1,1st Owner,Ahmedabad,5,Good,True,350000
BMW,X1,sDrive20d,2021,Diesel,Automatic,37290,2045,15.2,3rd Owner,Pune,5,Poor,True,1390000
Honda,Amaze,E,2015,Petrol,Automatic,147890,1199,19.7,1st Owner,Kolkata,5,Fair,True,145000
Kia,Sonet,HTK,2017,Petrol,Automatic,126099,1197,17.0,1st Owner,Lucknow,5,Excellent,True,260000
Kia,Sonet,HTX,2023,Petrol,Manual,42108,1147,19.6,4+ Owners,Chennai,5,Fair,True,350000
Mercedes-Benz,C-Class,C 200,2016,Petrol,Automatic,114616,1943,16.2,1st Owner,Lucknow,5,Poor,False,1050000
Audi,A6,45 TFSI Technology,2014,Petrol,Automatic,168627,1984,13.9,3rd Owner,Kolkata,5,Excellent,True,985000
Tata,Tiago,XZ+,2023,Petrol,Manual,36970,1249,19.4,1st Owner,Delhi,5,Good,True,385000
Mercedes-Benz,GLC,GLC 220d,2022,Diesel,Automatic,57425,2043,13.6,2nd Owner,Vadodara,5,Fair,False,2760000
Kia,Sonet,HTK,2019,Diesel,Manual,40749,1247,18.8,2nd Owner,Delhi,5,Poor,True,210000
Audi,A4,40 TFSI Premium,2019,Petrol,Automatic,56574,1984,16.4,1st Owner,Mumbai,5,Poor,False,1400000
Volkswagen,Virtus,Highline,2024,Petrol,Manual,21439,1548,18.6,2nd Owner,Ahmedabad,5,Good,True,870000
Toyota,Innova Crysta,VX,2015,Diesel,Manual,71935,2393,16.5,2nd Owner,Chandigarh,7,Poor,True,350000
MG,Astor,Style,2013,Petrol,Manual,149361,1548,13.9,4+ Owners,Surat,5,Poor,False,350000
Skoda,Slavia,Active,2018,Petrol,Automatic,91177,1448,17.8,4+ Owners,Chennai,5,Poor,False,350000
Skoda,Slavia,Style,2015,Petrol,Manual,160857,1498,19.6,2nd Owner,Delhi,5,Fair,False,350000
Hyundai,Verna,EX,2015,Diesel,Automatic,134023,1497,19.8,3rd Owner,Chandigarh,5,Fair,False,350000
Tata,Harrier,Fearless,2015,Diesel,Manual,98480,1906,16.0,1st Owner,Kolkata,5,Fair,True,350000
Kia,Seltos,GTX+,2013,Diesel,Automatic,184836,1497,15.8,2nd Owner,Delhi,5,Fair,True,350000
Toyota,Innova Crysta,GX,2024,Diesel,Manual,16752,2393,15.9,2nd Owner,Ahmedabad,7,Excellent,True,1545000
MG,Hector,Smart,2013,Diesel,Manual,164074,2006,17.1,1st Owner,Lucknow,5,Fair,True,350000
Volkswagen,Polo,GT TSI,2020,Petrol,Manual,65100,1049,18.6,4+ Owners,Pune,5,Good,True,210000
Mercedes-Benz,GLC,GLC 300,2018,Petrol,Automatic,121960,1943,14.4,2nd Owner,Hyderabad,5,Poor,True,1290000
Honda,Amaze,S,2019,Petrol,Manual,56716,1199,19.5,3rd Owner,Vadodara,5,Good,False,220000
Audi,A6,45 TFSI Premium Plus,2020,Petrol,Automatic,83228,2034,14.4,1st Owner,Kochi,5,Poor,False,2030000
Kia,Carens,Luxury Plus,2014,Petrol,Automatic,162801,1547,17.1,2nd Owner,Kolkata,7,Excellent,False,350000
Hyundai,Venue,S+,2015,Petrol,Automatic,115373,1197,16.9,1st Owner,Jaipur,5,Excellent,True,215000
Skoda,Kushaq,Monte Carlo,2014,Petrol,Automatic,142051,1548,16.6,1st Owner,Delhi,5,Poor,True,350000
Audi,A6,45 TFSI Premium Plus,2014,Petrol,Automatic,137170,2034,13.9,3rd Owner,Pune,5,Good,True,935000
BMW,X1,sDrive20i,2023,Petrol,Automatic,40558,1945,16.0,1st Owner,Bengaluru,5,Poor,False,2145000
Audi,Q3,40 TFSI,2017,Diesel,Automatic,96057,1934,14.7,2nd Owner,Delhi,5,Excellent,True,1275000
Honda,Civic,ZX,2015,Petrol,Automatic,162191,1749,15.9,4+ Owners,Bengaluru,5,Poor,False,350000
Tata,Punch,Creative,2020,CNG,Manual,80159,1149,19.4,4+ Owners,Mumbai,5,Fair,True,170000
Audi,Q3,40 TFSI,2019,Diesel,Automatic,50229,1984,15.8,4+ Owners,Hyderabad,5,Excellent,True,1290000
Mahindra,Bolero,B4,2017,Diesel,Manual,75341,1543,17.3,3rd Owner,Kolkata,7,Poor,True,160000
BMW,3 Series,330i M Sport,2018,Diesel,Automatic,114135,2045,17.3,3rd Owner,Chandigarh,5,Poor,True,975000
BMW,X1,sDrive20i,2019,Diesel,Automatic,59972,1995,16.9,1st Owner,Vadodara,5,Poor,True,1240000
Tata,Altroz,XZ,2014,Diesel,Automatic,131545,1149,19.5,1st Owner,Pune,5,Fair,False,125000
Tata,Altroz,XE,2014,Diesel,Automatic,94118,1149,19.5,4+ Owners,Chennai,5,Fair,False,120000
Mercedes-Benz,GLC,GLC 300,2015,Petrol,Automatic,148392,1943,16.1,1st Owner,Lucknow,5,Excellent,True,1405000
Hyundai,i20,Asta,2015,Petrol,Automatic,161333,1247,21.5,2nd Owner,Vadodara,5,Fair,False,130000
Hyundai,i20,Asta(O),2019,Petrol,Manual,97912,1197,20.4,1st Owner,Chennai,5,Fair,False,240000
MG,Hector,Shine,2021,Diesel,Manual,44325,1956,17.1,4+ Owners,Lucknow,5,Fair,True,470000
Mercedes-Benz,C-Class,C 300d,2021,Petrol,Automatic,58867,1993,18.3,2nd Owner,Ahmedabad,5,Excellent,False,2710000
MG,Hector,Style,2023,Diesel,Automatic,38744,2006,16.5,3rd Owner,Mumbai,5,Fair,True,780000
Volkswagen,Polo,Comfortline,2021,Petrol,Automatic,62367,999,17.0,3rd Owner,Ahmedabad,5,Good,False,265000
Skoda,Octavia,L&K,2021,Petrol,Automatic,28371,2034,16.1,2nd Owner,Lucknow,5,Fair,False,1230000
Hyundai,Alcazar,Prestige,2018,Diesel,Automatic,61006,1543,19.4,4+ Owners,Chennai,7,Excellent,False,415000
Honda,Amaze,S,2017,Petrol,Manual,114197,1249,17.8,3rd Owner,Jaipur,5,Good,False,155000
Tata,Tiago,XZ+,2019,Petrol,Manual,52087,1149,19.9,4+ Owners,Delhi,5,Fair,False,130000
Skoda,Kushaq,Style,2022,Petrol,Automatic,56860,1548,19.3,2nd Owner,Bengaluru,5,Good,False,670000
Tata,Tiago,XE,2024,Petrol,Automatic,24044,1249,19.0,3rd Owner,Delhi,5,Poor,True,265000
Renault,Triber,RXE,2021,Petrol,Manual,61425,999,18.4,4+ Owners,Mumbai,7,Good,True,240000
Kia,Seltos,HTX,2017,Petrol,Manual,122106,1447,17.1,1st Owner,Lucknow,5,Excellent,False,350000
Toyota,Camry,2.5 Hybrid,2019,Hybrid,Automatic,62153,2487,19.5,4+ Owners,Vadodara,5,Poor,True,990000
Mahindra,Thar,LX Diesel AT,2023,Diesel,Automatic,31920,2184,14.7,1st Owner,Vadodara,4,Poor,False,720000
Audi,A4,40 TFSI Premium,2022,Petrol,Automatic,28732,2034,17.5,1st Owner,Chandigarh,5,Good,False,2825000
Maruti Suzuki,Baleno,Delta,2013,CNG,Manual,133512,1147,23.8,3rd Owner,Ahmedabad,5,Excellent,False,120000
Maruti Suzuki,Wagon R,VXi,2015,CNG,Manual,162338,998,24.5,1st Owner,Delhi,5,Good,False,120000
Toyota,Fortuner,2.8 4x2 AT,2017,Diesel,Manual,64014,2755,13.2,1st Owner,Chennai,7,Poor,True,750000
Kia,Sonet,HTX,2019,Petrol,Manual,65151,1247,18.7,4+ Owners,Jaipur,5,Poor,True,160000
Mahindra,XUV300,W8(O),2014,Diesel,Manual,151941,1447,19.3,1st Owner,Hyderabad,5,Good,False,155000
Volkswagen,Virtus,Highline,2015,Petrol,Manual,114982,1498,20.0,4+ Owners,Mumbai,5,Excellent,False,350000
Renault,Triber,LXL,2013,Petrol,Automatic,136311,1049,18.6,3rd Owner,Lucknow,7,Good,False,120000
BMW,X1,sDrive20d,2017,Petrol,Automatic,70414,2045,16.5,3rd Owner,Ahmedabad,5,Good,False,1045000
Mahindra,Scorpio-N,Z8,2017,Petrol,Automatic,103823,2184,14.4,3rd Owner,Mumbai,7,Good,True,375000
Maruti Suzuki,Swift,VXi,2019,CNG,Automatic,101041,1247,22.8,1st Owner,Lucknow,5,Poor,True,185000
Audi,A6,45 TFSI Technology,2019,Petrol,Automatic,59888,1984,15.4,4+ Owners,Mumbai,5,Good,True,1810000
MG,Astor,Super,2014,Petrol,Manual,122146,1498,13.4,4+ Owners,Surat,5,Good,True,350000
Audi,Q3,40 TFSI,2014,Diesel,Automatic,104690,2034,16.5,2nd Owner,Delhi,5,Good,True,760000
Renault,Kwid,CLIMBER,2016,Petrol,Automatic,130402,999,22.4,1st Owner,Lucknow,5,Fair,False,120000
Kia,Sonet,HTE,2023,Diesel,Automatic,40240,1147,19.6,2nd Owner,Mumbai,5,Fair,False,455000
Mahindra,Thar,LX Petrol AT,2016,Diesel,Manual,63846,2184,16.6,4+ Owners,Delhi,4,Good,True,350000
Toyota,Fortuner,2.7 4x2,2013,Diesel,Automatic,84586,2755,15.2,2nd Owner,Delhi,7,Poor,True,445000
Audi,A4,40 TFSI Technology,2021,Petrol,Automatic,63487,2034,17.2,1st Owner,Delhi,5,Excellent,True,2570000
Audi,Q3,35 TDI Quattro,2015,Petrol,Automatic,76806,2034,16.2,1st Owner,Delhi,5,Excellent,True,1085000
Kia,Sonet,HTE,2022,Diesel,Manual,28120,1197,18.3,4+ Owners,Chandigarh,5,Excellent,False,350000
MG,Hector,Sharp Pro,2021,Diesel,Manual,36527,1906,16.1,1st Owner,Chandigarh,5,Good,True,810000
Toyota,Glanza,V,2020,CNG,Manual,58153,1147,21.0,3rd Owner,Chandigarh,5,Poor,False,180000
Skoda,Slavia,Active,2020,Petrol,Automatic,66650,1448,18.6,2nd Owner,Mumbai,5,Good,True,495000
Honda,Amaze,VX,2016,Petrol,Automatic,94814,1249,19.2,4+ Owners,Chandigarh,5,Fair,False,120000
Kia,Sonet,HTK,2014,Diesel,Manual,169094,1147,18.8,2nd Owner,Kolkata,5,Good,True,130000
Mercedes-Benz,E-Class,E 350d,2019,Petrol,Automatic,59236,1993,13.5,3rd Owner,Mumbai,5,Excellent,True,2420000
Honda,WR-V,SV,2013,Petrol,Manual,137355,1448,18.7,2nd Owner,Pune,5,Good,True,130000
Tata,Harrier,Smart,2013,Diesel,Automatic,103178,1906,16.2,2nd Owner,Pune,5,Fair,True,350000
Mercedes-Benz,GLC,GLC 300,2024,Petrol,Automatic,14874,1943,13.8,4+ Owners,Surat,5,Fair,False,3020000
MG,Hector,Style,2022,Petrol,Automatic,35104,1906,14.5,3rd Owner,Lucknow,5,Good,False,715000
Hyundai,Venue,SX(O),2014,Petrol,Automatic,174235,1197,17.6,2nd Owner,Pune,5,Fair,False,125000
Volkswagen,Taigun,Topline,2022,Petrol,Manual,37172,1448,17.7,2nd Owner,Ahmedabad,5,Good,False,630000
Kia,Carens,Prestige,2018,Diesel,Manual,62976,1497,16.3,3rd Owner,Hyderabad,7,Excellent,False,350000
Mahindra,XUV300,W8(O),2020,Diesel,Automatic,76277,1497,19.3,1st Owner,Bengaluru,5,Poor,True,295000
Hyundai,Verna,EX,2017,Petrol,Automatic,85191,1447,17.3,1st Owner,Jaipur,5,Good,False,350000
Mahindra,Scorpio-N,Z6,2024,Diesel,Manual,21414,2184,15.7,1st Owner,Kochi,7,Fair,False,1040000
Mercedes-Benz,E-Class,E 200,2022,Petrol,Automatic,56041,1993,14.2,2nd Owner,Kolkata,5,Good,False,3840000
Volkswagen,Taigun,Comfortline,2018,Petrol,Automatic,102177,1498,17.6,1st Owner,Pune,5,Good,True,440000
BMW,3 Series,330i M Sport,2023,Diesel,Automatic,31949,1995,16.7,4+ Owners,Kochi,5,Fair,False,2010000
Renault,Kwid,RXT,2015,Petrol,Automatic,134062,999,20.7,4+ Owners,Hyderabad,5,Poor,True,120000
Volkswagen,Polo,Highline,2014,Petrol,Manual,103445,1049,18.5,1st Owner,Bengaluru,5,Good,True,135000
Kia,Sonet,HTK,2016,Diesel,Manual,131431,1197,18.5,2nd Owner,Pune,5,Poor,False,120000
Hyundai,i20,Asta(O),2020,Petrol,Automatic,54420,1147,19.8,4+ Owners,Bengaluru,5,Fair,True,225000
MG,Astor,Smart,2016,Petrol,Manual,130068,1498,15.1,2nd Owner,Jaipur,5,Fair,False,350000
Renault,Kwid,RXT,2017,Petrol,Automatic,100264,1049,23.0,2nd Owner,Ahmedabad,5,Good,True,140000
BMW,5 Series,530d M Sport,2019,Petrol,Automatic,83844,1945,18.6,2nd Owner,Chennai,5,Fair,True,2085000
BMW,3 Series,330i M Sport,2019,Petrol,Automatic,48494,2045,16.9,3rd Owner,Ahmedabad,5,Poor,True,1130000
Skoda,Slavia,Ambition,2013,Petrol,Automatic,160802,1548,18.2,2nd Owner,Ahmedabad,5,Excellent,True,350000
BMW,3 Series,330i M Sport,2023,Diesel,Automatic,37791,1945,16.2,2nd Owner,Surat,5,Poor,True,2205000
Toyota,Innova Crysta,GX,2013,Diesel,Manual,138681,2393,15.2,4+ Owners,Bengaluru,7,Excellent,True,350000
Tata,Safari,Adventure,2015,Diesel,Manual,161472,1956,16.9,1st Owner,Ahmedabad,7,Fair,False,350000
Maruti Suzuki,Swift,ZXi Plus,2016,Petrol,Automatic,98356,1147,20.8,1st Owner,Mumbai,5,Fair,True,160000
Hyundai,i20,Magna,2023,Petrol,Manual,22973,1247,19.2,3rd Owner,Pune,5,Good,True,430000
Kia,Sonet,HTE,2016,Petrol,Manual,119718,1147,16.9,3rd Owner,Mumbai,5,Poor,True,120000
Hyundai,Alcazar,Platinum,2023,Diesel,Manual,20889,1493,17.5,4+ Owners,Delhi,7,Good,False,780000
Renault,Triber,RXZ,2023,Petrol,Automatic,27825,1049,18.9,3rd Owner,Mumbai,7,Poor,False,270000
BMW,3 Series,320d Sport,2022,Petrol,Automatic,23420,1995,15.3,4+ Owners,Kochi,5,Good,True,2005000
Mahindra,XUV300,W8,2016,Petrol,Automatic,90101,1447,21.3,4+ Owners,Surat,5,Fair,True,145000
MG,Hector,Sharp Pro,2023,Diesel,Manual,30683,1956,15.0,1st Owner,Vadodara,5,Good,True,1050000
Kia,Carens,Luxury,2015,Diesel,Manual,81693,1447,17.9,1st Owner,Vadodara,7,Good,True,350000
Tata,Altroz,XZ+,2016,Petrol,Manual,133482,1199,18.3,2nd Owner,Hyderabad,5,Poor,True,120000
Toyota,Glanza,V,2023,Petrol,Automatic,38959,1197,22.0,2nd Owner,Kolkata,5,Poor,False,330000
BMW,5 Series,520d Luxury Line,2020,Petrol,Automatic,75375,1995,17.7,2nd Owner,Jaipur,5,Good,False,2535000
Toyota,Camry,2.5 Hybrid,2019,Hybrid,Automatic,78451,2487,19.7,2nd Owner,Bengaluru,5,Good,True,1575000
Skoda,Octavia,L&K,2020,Petrol,Automatic,76903,1984,15.8,1st Owner,Ahmedabad,5,Excellent,True,1355000
Renault,Kwid,RXT,2019,Petrol,Automatic,104448,1049,22.6,1st Owner,Vadodara,5,Poor,False,140000
Honda,Civic,V,2018,Petrol,Automatic,85710,1849,15.4,2nd Owner,Chandigarh,5,Good,True,560000
Hyundai,Alcazar,Signature,2019,Diesel,Manual,100558,1493,17.1,4+ Owners,Chennai,7,Fair,False,360000
BMW,5 Series,520d Luxury Line,2014,Diesel,Automatic,124316,2045,17.1,3rd Owner,Mumbai,5,Good,False,940000
Hyundai,Alcazar,Platinum,2021,Diesel,Automatic,64095,1443,17.7,2nd Owner,Hyderabad,7,Poor,True,580000
Hyundai,Venue,SX(O),2016,Petrol,Manual,68653,1147,16.8,4+ Owners,Kolkata,5,Excellent,True,155000
Hyundai,Venue,E,2017,Petrol,Automatic,58220,1197,17.5,1st Owner,Mumbai,5,Excellent,False,295000
Maruti Suzuki,Swift,LXi,2016,Petrol,Automatic,145555,1197,22.2,3rd Owner,Chandigarh,5,Poor,False,120000
Mahindra,Scorpio-N,Z4,2018,Diesel,Automatic,57329,2184,15.6,1st Owner,Mumbai,7,Poor,False,410000
Tata,Nexon,Smart,2021,Diesel,Manual,63584,1249,18.0,4+ Owners,Jaipur,5,Poor,True,210000
MG,Astor,Style,2023,Petrol,Manual,37278,1448,15.1,4+ Owners,Surat,5,Excellent,False,500000
Volkswagen,Polo,Trendline,2024,Petrol,Automatic,16737,1049,19.3,1st Owner,Bengaluru,5,Poor,True,405000
MG,Astor,Super,2020,Petrol,Automatic,89094,1448,13.9,1st Owner,Delhi,5,Poor,True,355000
Mahindra,XUV300,W8,2016,Diesel,Automatic,78384,1547,20.4,4+ Owners,Delhi,5,Fair,True,155000
Mercedes-Benz,GLC,GLC 220d,2023,Diesel,Automatic,39915,1943,13.9,1st Owner,Chennai,5,Excellent,True,4470000
BMW,X1,sDrive20d,2024,Petrol,Automatic,17308,1995,16.5,1st Owner,Chennai,5,Excellent,True,3815000
Kia,Sonet,HTX,2023,Petrol,Manual,25714,1147,18.5,4+ Owners,Pune,5,Good,False,385000
Volkswagen,Polo,GT TSI,2015,Petrol,Manual,73427,999,18.2,1st Owner,Chennai,5,Poor,True,120000
BMW,5 Series,520d Luxury Line,2018,Petrol,Automatic,74357,1945,18.5,4+ Owners,Chennai,5,Good,True,1605000
Mahindra,XUV300,W8(O),2018,Diesel,Automatic,62056,1547,19.3,2nd Owner,Surat,5,Poor,True,200000
Mercedes-Benz,GLC,GLC 220d,2024,Diesel,Automatic,15615,1993,15.3,3rd Owner,Bengaluru,5,Good,True,4175000
Honda,City,VX,2024,Petrol,Manual,27335,1548,18.8,1st Owner,Delhi,5,Fair,False,800000
Maruti Suzuki,Baleno,Zeta,2022,CNG,Manual,50490,1147,21.8,4+ Owners,Kolkata,5,Fair,True,250000
Kia,Carens,Premium,2020,Diesel,Automatic,81770,1447,15.4,1st Owner,Delhi,7,Poor,True,380000
Renault,Kiger,RXT,2017,Petrol,Manual,114542,1049,19.7,3rd Owner,Chandigarh,5,Good,True,155000
BMW,X1,sDrive20d,2019,Petrol,Automatic,108200,1995,15.0,1st Owner,Kochi,5,Good,True,1600000
Renault,Kiger,RXE,2013,Petrol,Automatic,100836,949,19.3,2nd Owner,Delhi,5,Fair,True,120000
Hyundai,Grand i10 Nios,Sportz,2018,Petrol,Automatic,48076,1197,19.3,3rd Owner,Vadodara,5,Poor,True,135000
BMW,5 Series,530d M Sport,2022,Petrol,Automatic,26812,1945,16.5,3rd Owner,Lucknow,5,Good,True,3280000
Honda,WR-V,VX,2015,Diesel,Manual,112217,1498,17.9,2nd Owner,Ahmedabad,5,Poor,True,135000
MG,Astor,Super,2021,Petrol,Manual,51221,1548,14.4,2nd Owner,Ahmedabad,5,Good,False,495000
Kia,Sonet,HTE,2022,Petrol,Manual,39741,1247,17.2,4+ Owners,Delhi,5,Fair,True,295000
Mahindra,Scorpio-N,Z4,2016,Diesel,Manual,78219,2184,15.9,2nd Owner,Ahmedabad,7,Excellent,True,360000
BMW,5 Series,530d M Sport,2014,Diesel,Automatic,122903,1945,16.4,4+ Owners,Bengaluru,5,Fair,False,760000
Tata,Harrier,Smart,2023,Diesel,Manual,27217,2006,17.5,1st Owner,Surat,5,Fair,True,1055000
Kia,Carens,Luxury Plus,2015,Diesel,Automatic,154686,1497,15.8,4+ Owners,Jaipur,7,Good,False,350000
Hyundai,Verna,SX(O),2018,Petrol,Manual,57980,1447,17.6,1st Owner,Delhi,5,Fair,False,350000
Maruti Suzuki,Alto,VXi,2021,Petrol,Manual,75217,846,26.2,1st Owner,Ahmedabad,5,Excellent,True,210000
BMW,3 Series,320d Sport,2019,Diesel,Automatic,99257,2045,15.9,2nd Owner,Vadodara,5,Good,True,1610000
Audi,A4,40 TFSI Technology,2013,Petrol,Automatic,157536,1984,18.8,3rd Owner,Vadodara,5,Good,True,600000
Volkswagen,Taigun,Topline,2016,Petrol,Automatic,96614,1548,17.8,1st Owner,Kolkata,5,Poor,True,350000
Renault,Triber,RXT,2017,Petrol,Manual,56485,1049,18.1,3rd Owner,Mumbai,7,Excellent,False,160000
Hyundai,Grand i10 Nios,Magna,2019,Petrol,Automatic,41340,1247,20.0,4+ Owners,Ahmedabad,5,Fair,False,150000
Tata,Altroz,XT,2014,Diesel,Automatic,102103,1199,20.0,1st Owner,Pune,5,Good,True,145000
Maruti Suzuki,Brezza,ZXi Plus,2019,CNG,Manual,59642,1462,21.2,3rd Owner,Delhi,5,Poor,False,205000
Mercedes-Benz,GLC,GLC 220d,2018,Diesel,Automatic,63021,1943,15.6,2nd Owner,Bengaluru,5,Fair,True,1810000
Honda,City,ZX,2018,Hybrid,Manual,108795,1498,17.1,1st Owner,Kochi,5,Poor,True,350000
BMW,X1,sDrive20d,2016,Diesel,Automatic,103222,2045,17.3,2nd Owner,Kolkata,5,Excellent,True,1015000
Audi,Q3,35 TDI Quattro,2016,Petrol,Automatic,122368,1984,17.3,2nd Owner,Ahmedabad,5,Excellent,True,1000000
Maruti Suzuki,Alto,LXi,2021,CNG,Manual,49672,796,24.6,4+ Owners,Vadodara,5,Excellent,False,130000
Mahindra,Scorpio-N,Z6,2024,Diesel,Manual,19259,2184,13.5,1st Owner,Mumbai,7,Fair,True,1030000
Toyota,Fortuner,Legender,2015,Diesel,Automatic,132992,2755,13.6,1st Owner,Vadodara,7,Excellent,True,825000
BMW,5 Series,530d M Sport,2016,Diesel,Automatic,120349,1945,16.3,1st Owner,Mumbai,5,Good,True,1750000
Hyundai,Creta,SX(O),2022,Diesel,Automatic,54385,1547,17.5,1st Owner,Bengaluru,5,Good,False,715000
Toyota,Glanza,G,2020,Petrol,Automatic,46564,1197,22.4,1st Owner,Bengaluru,5,Fair,True,315000
Renault,Kwid,RXT,2024,Petrol,Automatic,33858,949,21.0,4+ Owners,Jaipur,5,Poor,False,195000
Honda,Amaze,E,2015,Petrol,Manual,161872,1249,19.2,3rd Owner,Chennai,5,Good,False,120000
Skoda,Slavia,Active,2016,Petrol,Manual,104450,1548,17.4,3rd Owner,Bengaluru,5,Fair,True,350000
Honda,Amaze,VX,2014,Petrol,Automatic,145881,1149,19.9,3rd Owner,Surat,5,Good,False,120000
Toyota,Glanza,E,2023,Petrol,Automatic,29358,1147,21.6,1st Owner,Jaipur,5,Excellent,False,575000
Toyota,Innova Crysta,VX,2016,Diesel,Automatic,95889,2393,14.1,2nd Owner,Surat,7,Poor,False,350000
Volkswagen,Virtus,GT Plus,2015,Petrol,Manual,96829,1548,18.6,2nd Owner,Vadodara,5,Fair,True,350000
Tata,Safari,Pure,2014,Diesel,Manual,155850,1956,17.5,4+ Owners,Delhi,7,Good,True,350000
Kia,Sonet,HTE,2014,Petrol,Manual,98048,1147,17.7,1st Owner,Kochi,5,Excellent,True,175000
Audi,A6,45 TFSI Premium Plus,2016,Petrol,Automatic,131462,1984,13.6,2nd Owner,Hyderabad,5,Excellent,False,1450000
Hyundai,Creta,E,2014,Diesel,Manual,175376,1447,15.3,2nd Owner,Mumbai,5,Good,False,350000
Mahindra,Scorpio-N,Z4,2023,Diesel,Manual,40949,2184,16.0,2nd Owner,Delhi,7,Fair,False,730000
Mahindra,Thar,LX Petrol AT,2014,Petrol,Manual,110026,2184,15.3,2nd Owner,Vadodara,4,Poor,True,350000
MG,Astor,Smart,2018,Petrol,Automatic,115479,1498,15.7,1st Owner,Kochi,5,Excellent,True,405000
Tata,Harrier,Pure,2019,Diesel,Automatic,47568,2006,16.6,3rd Owner,Bengaluru,5,Excellent,False,615000
Tata,Safari,Adventure,2018,Diesel,Automatic,113862,2006,17.2,3rd Owner,Bengaluru,7,Good,False,480000
Volkswagen,Polo,GT TSI,2021,Petrol,Automatic,39756,1049,18.4,2nd Owner,Surat,5,Excellent,True,345000
Honda,City,VX,2021,Hybrid,Manual,35996,1498,17.4,2nd Owner,Chennai,5,Poor,True,440000
Skoda,Kushaq,Ambition,2016,Petrol,Manual,80490,1548,18.5,4+ Owners,Surat,5,Excellent,False,350000
BMW,3 Series,320d Sport,2022,Petrol,Automatic,30858,1945,15.7,1st Owner,Hyderabad,5,Excellent,True,3230000
Audi,A6,45 TFSI Premium Plus,2015,Petrol,Automatic,161958,1984,13.8,3rd Owner,Kolkata,5,Excellent,False,1025000
Maruti Suzuki,Swift,VXi,2021,Petrol,Manual,65410,1247,23.6,4+ Owners,Jaipur,5,Fair,False,190000
Kia,Seltos,HTX,2014,Diesel,Manual,116212,1547,15.7,4+ Owners,Bengaluru,5,Excellent,False,350000
MG,Astor,Sharp,2015,Petrol,Automatic,141640,1498,13.6,1st Owner,Pune,5,Fair,True,350000
Tata,Altroz,XE,2014,Petrol,Manual,131843,1249,18.4,1st Owner,Hyderabad,5,Fair,True,125000
Renault,Kwid,CLIMBER,2013,Petrol,Automatic,98907,949,23.4,3rd Owner,Ahmedabad,5,Good,False,120000
BMW,5 Series,520d Luxury Line,2024,Petrol,Automatic,29594,1945,17.4,2nd Owner,Mumbai,5,Poor,False,3335000
Audi,A4,40 TFSI Technology,2015,Petrol,Automatic,77718,2034,16.6,2nd Owner,Kochi,5,Good,True,1045000
Skoda,Octavia,L&K,2020,Petrol,Automatic,66493,2034,16.9,4+ Owners,Mumbai,5,Poor,True,635000
Renault,Kiger,RXE,2015,Petrol,Manual,67020,999,19.2,1st Owner,Kolkata,5,Excellent,False,165000
Toyota,Innova Crysta,GX,2017,Diesel,Automatic,64314,2393,14.1,4+ Owners,Chennai,7,Poor,False,350000
Volkswagen,Polo,Comfortline,2014,Petrol,Manual,144156,999,17.9,2nd Owner,Kolkata,5,Fair,False,120000
MG,Astor,Sharp,2017,Petrol,Manual,86229,1448,15.9,3rd Owner,Ahmedabad,5,Good,False,350000
Honda,Civic,VX,2023,Petrol,Automatic,44571,1849,16.6,4+ Owners,Delhi,5,Excellent,True,960000
Kia,Sonet,HTK,2019,Diesel,Manual,79996,1247,18.4,4+ Owners,Delhi,5,Fair,False,175000
Tata,Safari,Pure,2023,Diesel,Automatic,21769,1906,17.6,3rd Owner,Kochi,7,Poor,False,730000
Honda,City,ZX,2019,Hybrid,Automatic,59564,1448,16.5,4+ Owners,Delhi,5,Fair,False,350000
Skoda,Slavia,Style,2017,Petrol,Manual,70647,1498,19.9,3rd Owner,Bengaluru,5,Good,False,350000
Volkswagen,Taigun,Highline,2024,Petrol,Automatic,20912,1548,18.6,2nd Owner,Delhi,5,Good,False,915000
Audi,Q3,40 TFSI,2013,Petrol,Automatic,113590,1984,14.6,4+ Owners,Chennai,5,Excellent,False,560000
Audi,A4,40 TFSI Technology,2023,Petrol,Automatic,27817,1984,18.0,2nd Owner,Chandigarh,5,Poor,True,2115000
Honda,City,VX,2018,Petrol,Automatic,92458,1448,18.4,4+ Owners,Ahmedabad,5,Poor,False,350000
Skoda,Kushaq,Style,2014,Petrol,Automatic,158329,1448,18.1,2nd Owner,Jaipur,5,Poor,False,350000
MG,Astor,Smart,2024,Petrol,Manual,12868,1548,13.3,4+ Owners,Delhi,5,Poor,True,430000
Skoda,Octavia,Style,2023,Petrol,Automatic,28064,1984,16.0,1st Owner,Hyderabad,5,Poor,True,1460000
Mercedes-Benz,E-Class,E 200,2023,Diesel,Automatic,36082,2043,14.4,3rd Owner,Chennai,5,Poor,True,2800000
Kia,Seltos,HTE,2013,Petrol,Automatic,189727,1497,16.0,4+ Owners,Hyderabad,5,Poor,True,350000
Kia,Seltos,X-Line,2019,Petrol,Automatic,64526,1497,17.1,4+ Owners,Hyderabad,5,Excellent,True,370000
MG,Astor,Smart,2021,Petrol,Automatic,44217,1448,13.4,1st Owner,Vadodara,5,Good,True,615000
Skoda,Slavia,Style,2019,Petrol,Manual,95898,1448,17.7,2nd Owner,Chennai,5,Good,True,400000
Mercedes-Benz,E-Class,E 200,2023,Petrol,Automatic,20432,2043,13.6,1st Owner,Delhi,5,Poor,True,3700000
Toyota,Glanza,S,2014,Petrol,Automatic,142459,1197,21.1,1st Owner,Ahmedabad,5,Excellent,False,155000
Hyundai,i20,Asta(O),2019,Petrol,Automatic,59418,1197,18.9,2nd Owner,Vadodara,5,Excellent,True,315000
Mahindra,XUV300,W4,2015,Diesel,Manual,97233,1547,18.6,2nd Owner,Hyderabad,5,Fair,True,160000
Maruti Suzuki,Wagon R,LXi,2016,Petrol,Manual,104323,998,24.3,1st Owner,Pune,5,Fair,False,125000
Volkswagen,Taigun,GT,2016,Petrol,Manual,93025,1498,16.6,3rd Owner,Bengaluru,5,Good,False,350000
Volkswagen,Taigun,Topline,2018,Petrol,Automatic,103536,1548,17.4,1st Owner,Kolkata,5,Good,True,465000
Toyota,Camry,2.5 Hybrid,2022,Hybrid,Automatic,23838,2487,18.1,3rd Owner,Ahmedabad,5,Good,False,2160000
Honda,WR-V,VX,2015,Diesel,Manual,68946,1548,16.0,3rd Owner,Hyderabad,5,Poor,False,120000
Skoda,Slavia,Ambition,2017,Petrol,Manual,69729,1548,18.8,1st Owner,Chandigarh,5,Poor,False,350000
Mahindra,XUV700,AX3,2013,Diesel,Automatic,88454,2184,13.8,1st Owner,Kolkata,7,Good,False,350000
Honda,City,VX,2013,Petrol,Automatic,136714,1498,16.4,1st Owner,Pune,5,Excellent,True,350000
Audi,A6,45 TFSI Technology,2017,Petrol,Automatic,110337,2034,14.9,4+ Owners,Chandigarh,5,Excellent,False,1265000
Volkswagen,Taigun,Comfortline,2018,Petrol,Manual,74143,1448,16.7,3rd Owner,Lucknow,5,Poor,True,350000
Honda,WR-V,SV,2024,Petrol,Manual,11225,1448,18.8,1st Owner,Chennai,5,Fair,False,590000
Tata,Punch,Creative,2014,Petrol,Automatic,103859,1249,19.8,1st Owner,Jaipur,5,Good,False,140000
Toyota,Glanza,V,2016,Petrol,Automatic,105886,1197,22.5,2nd Owner,Vadodara,5,Good,True,170000
Volkswagen,Virtus,Highline,2013,Petrol,Automatic,159082,1498,17.4,2nd Owner,Lucknow,5,Fair,False,350000
MG,Hector,Style,2015,Petrol,Automatic,138899,2006,15.8,4+ Owners,Hyderabad,5,Excellent,False,350000
MG,Astor,Style,2015,Petrol,Manual,85796,1448,16.0,2nd Owner,Chennai,5,Excellent,False,350000
Volkswagen,Taigun,Topline,2014,Petrol,Automatic,156302,1448,17.5,4+ Owners,Jaipur,5,Fair,True,350000
Mahindra,Thar,AX(O),2023,Diesel,Automatic,28347,2184,14.3,2nd Owner,Chandigarh,4,Fair,False,760000
Hyundai,Alcazar,Prestige,2023,Petrol,Manual,26678,1443,19.3,3rd Owner,Hyderabad,7,Excellent,True,905000
Renault,Kiger,RXZ,2019,Petrol,Automatic,53215,1049,20.1,3rd Owner,Kolkata,5,Good,True,245000
Mahindra,Scorpio-N,Z8L,2017,Petrol,Manual,85533,2184,15.7,4+ Owners,Surat,7,Fair,True,350000
MG,Hector,Shine,2015,Diesel,Automatic,87761,2006,15.7,3rd Owner,Mumbai,5,Good,False,350000
Tata,Tiago,XE,2022,CNG,Automatic,28064,1149,19.9,1st Owner,Lucknow,5,Excellent,False,385000
Skoda,Octavia,Style,2015,Petrol,Automatic,122389,1984,15.8,3rd Owner,Jaipur,5,Fair,False,415000
Volkswagen,Virtus,Topline,2017,Petrol,Automatic,71045,1548,18.7,1st Owner,Bengaluru,5,Poor,True,350000
Tata,Harrier,Fearless,2013,Diesel,Automatic,153924,2006,15.6,4+ Owners,Vadodara,5,Excellent,False,350000
MG,Astor,Super,2017,Petrol,Automatic,114490,1498,14.2,1st Owner,Chandigarh,5,Fair,True,350000
Volkswagen,Polo,Highline,2017,Petrol,Manual,125976,999,18.7,3rd Owner,Chandigarh,5,Good,False,140000
Hyundai,Verna,EX,2020,Petrol,Manual,61838,1447,18.6,1st Owner,Ahmedabad,5,Fair,True,425000
Tata,Harrier,Adventure,2021,Diesel,Manual,50507,2006,15.9,1st Owner,Chennai,5,Good,True,885000
Mahindra,XUV700,AX7,2019,Diesel,Manual,72908,2184,14.3,2nd Owner,Chandigarh,7,Poor,False,400000
Tata,Tiago,XM,2017,Petrol,Automatic,84344,1199,18.8,4+ Owners,Jaipur,5,Good,False,120000
Audi,A6,45 TFSI Premium Plus,2015,Petrol,Automatic,158652,1984,13.7,4+ Owners,Ahmedabad,5,Poor,False,620000
Skoda,Slavia,Ambition,2014,Petrol,Automatic,124091,1498,17.4,3rd Owner,Mumbai,5,Poor,True,350000
Maruti Suzuki,Grand Vitara,Alpha,2013,Petrol,Manual,133291,1490,28.2,3rd Owner,Chandigarh,5,Poor,False,350000
Hyundai,Alcazar,Signature,2023,Petrol,Manual,41735,1543,18.8,4+ Owners,Bengaluru,7,Good,True,740000
Toyota,Fortuner,Legender,2022,Petrol,Manual,24400,2755,13.2,1st Owner,Jaipur,7,Excellent,True,2120000
Volkswagen,Virtus,GT Plus,2019,Petrol,Manual,79019,1498,20.0,2nd Owner,Lucknow,5,Fair,False,355000
Renault,Kwid,CLIMBER,2015,Petrol,Manual,91474,949,22.0,2nd Owner,Kolkata,5,Poor,False,120000
Hyundai,Grand i10 Nios,Asta,2018,CNG,Automatic,96326,1197,20.5,4+ Owners,Bengaluru,5,Excellent,False,150000
Renault,Triber,RXE,2022,Petrol,Manual,49826,999,20.4,4+ Owners,Surat,7,Poor,False,180000
Tata,Harrier,Pure,2018,Diesel,Manual,69344,1956,17.3,3rd Owner,Kolkata,5,Good,False,455000
MG,Astor,Sharp,2014,Petrol,Automatic,163703,1548,15.4,3rd Owner,Bengaluru,5,Fair,False,350000
Audi,A6,45 TFSI Premium Plus,2013,Petrol,Automatic,124929,2034,12.9,4+ Owners,Pune,5,Good,True,725000
Tata,Tiago,XZ+,2019,Petrol,Manual,68596,1149,21.0,1st Owner,Kolkata,5,Fair,True,205000
Mahindra,Thar,LX Diesel AT,2020,Diesel,Manual,54838,2184,14.5,4+ Owners,Vadodara,4,Fair,True,360000
Tata,Safari,Pure,2014,Diesel,Manual,108552,1906,17.5,3rd Owner,Kochi,7,Poor,True,350000
MG,Astor,Super,2016,Petrol,Automatic,116658,1448,14.6,4+ Owners,Lucknow,5,Excellent,True,350000
Skoda,Kushaq,Active,2014,Petrol,Manual,86972,1498,16.5,3rd Owner,Lucknow,5,Fair,False,350000
Hyundai,i20,Asta,2014,Petrol,Automatic,147408,1247,20.9,1st Owner,Chandigarh,5,Poor,False,120000
Maruti Suzuki,Wagon R,VXi,2017,Petrol,Automatic,61039,948,25.3,3rd Owner,Kochi,5,Excellent,True,155000
Mercedes-Benz,GLC,GLC 220d,2018,Petrol,Automatic,62404,1943,14.0,1st Owner,Delhi,5,Excellent,False,2300000
MG,Astor,Sharp,2020,Petrol,Manual,35012,1448,15.6,2nd Owner,Jaipur,5,Poor,True,350000
Maruti Suzuki,Alto,LXi,2024,Petrol,Manual,24243,746,24.5,3rd Owner,Pune,5,Good,False,225000
Maruti Suzuki,Dzire,VXi,2014,Petrol,Manual,157989,1247,22.7,1st Owner,Lucknow,5,Good,True,120000
Tata,Safari,Pure,2017,Diesel,Automatic,105553,1956,15.2,4+ Owners,Kolkata,7,Excellent,True,395000
Skoda,Slavia,Ambition,2024,Petrol,Manual,27491,1498,19.3,3rd Owner,Lucknow,5,Good,False,675000
Skoda,Octavia,Style,2013,Petrol,Automatic,182141,1934,14.9,2nd Owner,Lucknow,5,Good,False,400000
Honda,City,VX,2024,Petrol,Manual,22915,1548,18.6,1st Owner,Mumbai,5,Poor,True,700000
Renault,Triber,RXT,2014,Petrol,Automatic,151595,949,20.1,4+ Owners,Kolkata,7,Excellent,True,120000
Tata,Tiago,XZ+,2021,Petrol,Automatic,37432,1199,21.3,3rd Owner,Lucknow,5,Fair,True,225000
Mahindra,Bolero,B6,2019,Diesel,Manual,87215,1543,15.9,3rd Owner,Bengaluru,7,Poor,False,205000
Honda,Amaze,E,2017,Petrol,Manual,95739,1199,18.1,4+ Owners,Mumbai,5,Fair,False,120000
Toyota,Fortuner,2.7 4x2,2017,Diesel,Automatic,83632,2755,14.1,4+ Owners,Mumbai,7,Poor,True,570000
Volkswagen,Polo,Comfortline,2019,Petrol,Manual,74848,949,18.0,3rd Owner,Kochi,5,Fair,False,175000
Tata,Punch,Adventure,2015,Petrol,Manual,83255,1149,20.6,4+ Owners,Chandigarh,5,Fair,True,120000
Honda,City,ZX,2017,Hybrid,Manual,110955,1548,16.4,2nd Owner,Pune,5,Excellent,True,350000
Hyundai,Grand i10 Nios,Era,2016,Petrol,Automatic,123655,1147,21.1,3rd Owner,Bengaluru,5,Excellent,False,130000
Mahindra,Scorpio-N,Z8,2023,Diesel,Automatic,28961,2184,13.5,1st Owner,Chennai,7,Good,True,1080000
Honda,WR-V,VX,2016,Diesel,Manual,86823,1548,16.2,1st Owner,Hyderabad,5,Poor,True,175000
Skoda,Slavia,Style,2020,Petrol,Automatic,61655,1548,17.9,2nd Owner,Pune,5,Good,False,470000
Mahindra,Thar,LX Diesel AT,2016,Diesel,Automatic,116595,2184,14.8,1st Owner,Pune,4,Poor,True,350000
Kia,Seltos,X-Line,2015,Petrol,Automatic,91157,1497,16.5,1st Owner,Delhi,5,Poor,False,350000
Tata,Altroz,XZ,2023,Petrol,Manual,36571,1149,18.2,3rd Owner,Kochi,5,Poor,True,265000
Maruti Suzuki,Alto,Std,2024,Petrol,Manual,20772,846,26.0,4+ Owners,Pune,5,Good,False,200000
Honda,WR-V,SV,2018,Diesel,Manual,51136,1548,18.8,4+ Owners,Ahmedabad,5,Poor,False,150000
Volkswagen,Polo,Comfortline,2024,Petrol,Manual,13115,1049,18.5,4+ Owners,Ahmedabad,5,Fair,False,295000
BMW,X1,sDrive20i,2014,Petrol,Automatic,170572,1945,16.5,4+ Owners,Chennai,5,Fair,False,450000
Tata,Punch,Pure,2024,Petrol,Automatic,29568,1249,21.1,3rd Owner,Delhi,5,Fair,False,355000
Toyota,Glanza,V,2020,Petrol,Manual,64606,1247,23.1,2nd Owner,Vadodara,5,Fair,True,245000
Skoda,Octavia,Style,2013,Petrol,Automatic,83418,1934,15.4,3rd Owner,Chandigarh,5,Poor,False,350000
Audi,A6,45 TFSI Technology,2014,Petrol,Automatic,161065,1984,12.9,2nd Owner,Chennai,5,Excellent,False,1095000
BMW,3 Series,320d Sport,2014,Diesel,Automatic,173178,1995,16.0,1st Owner,Surat,5,Fair,True,795000
BMW,X1,sDrive20i,2016,Petrol,Automatic,98532,2045,15.9,2nd Owner,Vadodara,5,Good,False,960000
Volkswagen,Virtus,GT Plus,2017,Petrol,Manual,71536,1548,19.3,1st Owner,Ahmedabad,5,Excellent,False,365000
Honda,Amaze,E,2019,Petrol,Automatic,70628,1199,18.7,2nd Owner,Chennai,5,Good,False,265000
Volkswagen,Polo,GT TSI,2022,Petrol,Automatic,40941,949,17.0,3rd Owner,Ahmedabad,5,Poor,False,230000
Kia,Seltos,HTK,2020,Diesel,Manual,72686,1547,15.9,4+ Owners,Lucknow,5,Poor,False,350000
Maruti Suzuki,Ertiga,ZXi,2021,Petrol,Automatic,36275,1462,21.0,4+ Owners,Ahmedabad,7,Poor,False,260000
Maruti Suzuki,Ertiga,ZXi Plus,2024,Petrol,Automatic,14548,1462,20.2,2nd Owner,Jaipur,7,Good,True,755000
Renault,Kiger,RXT,2015,Petrol,Manual,131810,1049,18.6,3rd Owner,Kochi,5,Excellent,True,125000
Mahindra,Bolero,B4,2015,Diesel,Manual,116938,1493,15.5,2nd Owner,Jaipur,7,Good,True,180000
Maruti Suzuki,Ciaz,Sigma,2021,Petrol,Automatic,32031,1462,19.4,2nd Owner,Vadodara,5,Good,True,455000
Hyundai,Venue,SX,2015,Diesel,Manual,76993,1247,18.2,4+ Owners,Mumbai,5,Excellent,True,135000
Renault,Triber,LXL,2022,Petrol,Automatic,56254,1049,17.6,3rd Owner,Kolkata,7,Good,True,320000
MG,Astor,Sharp,2017,Petrol,Manual,89426,1548,14.1,3rd Owner,Surat,5,Good,False,350000
Volkswagen,Polo,GT TSI,2018,Petrol,Automatic,73775,999,19.0,4+ Owners,Pune,5,Poor,True,125000
Mahindra,XUV700,MX,2014,Petrol,Manual,168395,2184,12.8,4+ Owners,Chandigarh,7,Poor,True,350000
Volkswagen,Taigun,GT,2017,Petrol,Manual,60648,1548,18.0,4+ Owners,Lucknow,5,Excellent,False,350000
Mercedes-Benz,GLC,GLC 300,2021,Diesel,Automatic,50582,1993,15.3,1st Owner,Delhi,5,Poor,True,2445000
Mercedes-Benz,C-Class,C 220d,2021,Petrol,Automatic,49334,1943,15.5,4+ Owners,Kolkata,5,Good,False,1900000
Audi,Q3,40 TFSI,2019,Petrol,Automatic,58616,1984,16.5,3rd Owner,Jaipur,5,Fair,False,1195000
Tata,Punch,Accomplished,2021,Petrol,Automatic,72661,1199,19.9,3rd Owner,Surat,5,Good,True,285000
Audi,A6,45 TFSI Premium Plus,2018,Petrol,Automatic,71412,1934,15.6,1st Owner,Chennai,5,Good,True,2295000
Skoda,Kushaq,Style,2014,Petrol,Automatic,99849,1498,18.3,2nd Owner,Pune,5,Excellent,True,350000
Audi,A6,45 TFSI Technology,2018,Petrol,Automatic,118231,1934,14.4,1st Owner,Surat,5,Good,False,1970000
Renault,Kwid,RXT,2021,Petrol,Automatic,56466,949,21.0,2nd Owner,Hyderabad,5,Excellent,True,240000
Volkswagen,Virtus,Topline,2014,Petrol,Manual,175799,1498,19.1,3rd Owner,Chennai,5,Excellent,True,350000
Kia,Sonet,GTX+,2018,Diesel,Automatic,114833,1247,19.4,2nd Owner,Vadodara,5,Fair,True,235000
Skoda,Kushaq,Monte Carlo,2024,Petrol,Manual,27970,1448,16.5,3rd Owner,Lucknow,5,Poor,False,540000
Honda,Amaze,S,2018,Petrol,Manual,76907,1199,18.7,1st Owner,Chandigarh,5,Fair,False,205000
Mahindra,Scorpio-N,Z8L,2013,Diesel,Manual,140395,2184,14.2,3rd Owner,Chennai,7,Excellent,True,350000
Volkswagen,Polo,GT TSI,2020,Petrol,Automatic,87330,949,17.8,2nd Owner,Surat,5,Good,True,265000
Audi,A4,40 TFSI Premium,2020,Petrol,Automatic,50496,1984,18.9,2nd Owner,Vadodara,5,Excellent,False,2030000
Audi,A6,45 TFSI Premium Plus,2022,Petrol,Automatic,53241,2034,14.6,1st Owner,Hyderabad,5,Good,False,3535000
Volkswagen,Virtus,Topline,2022,Petrol,Automatic,31384,1498,17.9,3rd Owner,Delhi,5,Fair,False,515000
BMW,3 Series,320d Sport,2020,Petrol,Automatic,43888,2045,14.9,3rd Owner,Chandigarh,5,Excellent,True,1965000
Honda,WR-V,VX,2014,Petrol,Manual,107734,1498,16.2,3rd Owner,Bengaluru,5,Fair,True,120000
Kia,Seltos,HTK,2017,Petrol,Manual,97737,1547,16.8,1st Owner,Kolkata,5,Fair,False,350000
MG,Astor,Super,2013,Petrol,Manual,192020,1548,14.6,3rd Owner,Hyderabad,5,Fair,False,350000
Mercedes-Benz,C-Class,C 200,2016,Diesel,Automatic,63039,2043,17.4,2nd Owner,Kolkata,5,Good,False,1335000
Mahindra,Bolero,B6,2023,Diesel,Manual,25018,1443,15.0,4+ Owners,Pune,7,Fair,True,385000
Mahindra,Scorpio-N,Z4,2020,Petrol,Manual,82630,2184,14.8,4+ Owners,Surat,7,Poor,False,350000
Toyota,Glanza,G,2020,CNG,Automatic,39780,1247,21.1,4+ Owners,Kochi,5,Fair,False,210000
Tata,Altroz,XM,2017,CNG,Manual,72702,1249,18.8,1st Owner,Delhi,5,Fair,True,195000
Volkswagen,Taigun,Highline,2020,Petrol,Manual,54517,1498,17.2,2nd Owner,Hyderabad,5,Good,False,460000
Honda,Amaze,VX,2021,Petrol,Manual,67710,1199,17.4,4+ Owners,Surat,5,Good,False,245000
Audi,A6,45 TFSI Premium Plus,2014,Petrol,Automatic,132767,1984,14.9,3rd Owner,Lucknow,5,Poor,False,685000
Mahindra,XUV300,W4,2016,Petrol,Manual,122405,1497,20.0,1st Owner,Chandigarh,5,Poor,True,160000
Tata,Safari,Pure,2013,Diesel,Automatic,168250,1956,16.0,2nd Owner,Ahmedabad,7,Good,False,350000
MG,Astor,Style,2017,Petrol,Manual,80635,1548,14.9,1st Owner,Kolkata,5,Excellent,False,350000
Hyundai,Alcazar,Platinum,2013,Petrol,Automatic,109723,1493,18.7,1st Owner,Kolkata,7,Poor,False,350000
Toyota,Camry,2.5 Hybrid,2024,Hybrid,Automatic,30558,2487,19.9,3rd Owner,Lucknow,5,Fair,True,2670000
Kia,Carens,Luxury Plus,2023,Petrol,Manual,19862,1547,16.8,2nd Owner,Jaipur,7,Poor,False,470000
Toyota,Fortuner,2.7 4x2,2020,Diesel,Automatic,42970,2755,13.5,3rd Owner,Vadodara,7,Fair,True,1170000
Tata,Harrier,Adventure,2019,Diesel,Automatic,80103,2006,15.4,1st Owner,Pune,5,Excellent,False,700000
Hyundai,Grand i10 Nios,Era,2015,Petrol,Automatic,144193,1197,22.1,2nd Owner,Lucknow,5,Poor,True,120000
Mahindra,Thar,AX(O),2022,Petrol,Automatic,54882,2184,14.7,3rd Owner,Ahmedabad,4,Poor,True,475000
BMW,5 Series,520d Luxury Line,2019,Petrol,Automatic,72892,2045,17.4,2nd Owner,Surat,5,Excellent,False,2395000
Honda,Civic,VX,2024,Petrol,Automatic,25183,1849,16.2,2nd Owner,Vadodara,5,Fair,False,1085000
Honda,City,VX,2023,Petrol,Automatic,34701,1548,18.7,3rd Owner,Delhi,5,Good,True,685000
Mahindra,XUV700,MX,2022,Diesel,Automatic,52958,2184,14.1,4+ Owners,Jaipur,7,Excellent,False,690000
Mahindra,XUV300,W6,2020,Diesel,Manual,87105,1547,19.7,4+ Owners,Mumbai,5,Excellent,False,260000
Mahindra,Thar,AX(O),2024,Diesel,Automatic,22728,2184,15.1,4+ Owners,Mumbai,4,Good,True,800000
Renault,Triber,RXZ,2013,Petrol,Automatic,130133,1049,17.9,1st Owner,Delhi,7,Poor,True,120000
Hyundai,Grand i10 Nios,Sportz,2015,Petrol,Automatic,141390,1147,20.5,3rd Owner,Pune,5,Fair,True,120000
MG,Astor,Sharp,2016,Petrol,Automatic,136690,1498,13.8,2nd Owner,Ahmedabad,5,Fair,True,350000
Mahindra,XUV300,W6,2023,Petrol,Automatic,41402,1497,19.1,1st Owner,Chandigarh,5,Good,True,645000
Skoda,Slavia,Style,2022,Petrol,Manual,45395,1448,18.7,4+ Owners,Vadodara,5,Excellent,False,455000
Renault,Kiger,RXT,2021,Petrol,Manual,69546,1049,20.2,2nd Owner,Kolkata,5,Good,False,290000
Hyundai,Creta,EX,2022,Diesel,Automatic,43324,1447,17.7,4+ Owners,Jaipur,5,Excellent,False,535000
Tata,Punch,Creative,2024,Petrol,Manual,15715,1249,21.5,4+ Owners,Delhi,5,Poor,False,260000
Skoda,Slavia,Style,2022,Petrol,Automatic,52487,1498,19.4,1st Owner,Pune,5,Poor,False,520000
Hyundai,Creta,EX,2017,Petrol,Manual,110800,1547,16.3,2nd Owner,Kochi,5,Poor,True,350000
Mahindra,Thar,LX Petrol AT,2024,Diesel,Manual,22128,2184,14.6,4+ Owners,Pune,4,Poor,False,515000
Renault,Kwid,RXT,2015,Petrol,Manual,107907,1049,21.6,3rd Owner,Chennai,5,Good,False,120000
Volkswagen,Polo,Highline,2015,Petrol,Manual,120974,999,18.6,1st Owner,Lucknow,5,Good,False,135000
Maruti Suzuki,Ertiga,ZXi,2024,CNG,Automatic,19221,1512,19.5,3rd Owner,Jaipur,7,Fair,False,560000
Volkswagen,Polo,Comfortline,2021,Petrol,Manual,71868,949,18.7,1st Owner,Pune,5,Good,False,315000
Tata,Harrier,Smart,2023,Diesel,Automatic,46041,2006,18.0,1st Owner,Lucknow,5,Good,True,1225000
Maruti Suzuki,Alto,VXi,2014,CNG,Manual,130125,846,24.8,1st Owner,Kochi,5,Excellent,False,120000
Honda,Amaze,S,2024,Petrol,Manual,22954,1149,17.2,3rd Owner,Jaipur,5,Fair,True,405000
BMW,3 Series,320d Luxury Line,2021,Diesel,Automatic,46743,1945,16.4,4+ Owners,Kolkata,5,Excellent,True,1850000
MG,Hector,Shine,2020,Petrol,Automatic,47995,1906,14.6,2nd Owner,Chandigarh,5,Poor,False,465000
Renault,Triber,RXE,2024,Petrol,Manual,22958,999,19.8,3rd Owner,Kolkata,7,Good,False,390000
Skoda,Kushaq,Style,2017,Petrol,Automatic,98832,1498,18.3,1st Owner,Kochi,5,Good,False,355000
Skoda,Kushaq,Monte Carlo,2015,Petrol,Manual,144849,1448,19.2,4+ Owners,Pune,5,Good,True,350000
Mercedes-Benz,C-Class,C 220d,2017,Diesel,Automatic,135941,1943,17.5,2nd Owner,Chandigarh,5,Good,False,1315000
Mercedes-Benz,E-Class,E 220d,2015,Petrol,Automatic,162833,2043,15.3,4+ Owners,Kochi,5,Fair,True,985000
Volkswagen,Taigun,Topline,2015,Petrol,Automatic,130944,1498,17.2,4+ Owners,Kochi,5,Poor,True,350000
Kia,Seltos,GTX+,2018,Petrol,Automatic,80255,1547,16.1,3rd Owner,Chennai,5,Fair,True,350000
Mercedes-Benz,E-Class,E 200,2021,Petrol,Automatic,74410,1993,13.8,2nd Owner,Bengaluru,5,Fair,False,2970000
Renault,Triber,RXE,2023,Petrol,Automatic,30868,1049,19.3,1st Owner,Delhi,7,Excellent,False,485000
Mahindra,XUV300,W8,2014,Diesel,Manual,87861,1547,19.7,2nd Owner,Lucknow,5,Good,False,150000
Skoda,Slavia,Ambition,2016,Petrol,Automatic,147774,1548,17.1,1st Owner,Lucknow,5,Fair,False,350000
Volkswagen,Polo,Comfortline,2015,Petrol,Automatic,110579,999,17.7,3rd Owner,Chennai,5,Excellent,True,125000
Kia,Sonet,GTX+,2020,Petrol,Manual,88471,1147,18.6,1st Owner,Jaipur,5,Fair,False,300000
Mahindra,Thar,LX Diesel AT,2014,Petrol,Manual,175136,2184,16.1,1st Owner,Chandigarh,4,Poor,True,350000
Mercedes-Benz,GLC,GLC 300,2017,Diesel,Automatic,77850,1943,13.7,3rd Owner,Kolkata,5,Poor,True,1110000
Toyota,Fortuner,Legender,2013,Petrol,Manual,149651,2755,13.2,2nd Owner,Chandigarh,7,Fair,False,420000
Honda,WR-V,SV,2016,Petrol,Manual,109515,1448,16.1,1st Owner,Kochi,5,Good,False,230000
Mahindra,Scorpio-N,Z4,2023,Petrol,Manual,31564,2184,14.3,3rd Owner,Hyderabad,7,Good,False,740000
Volkswagen,Virtus,GT Plus,2013,Petrol,Manual,155822,1498,18.4,2nd Owner,Hyderabad,5,Poor,True,350000
Tata,Altroz,XZ+,2024,CNG,Manual,16770,1149,20.6,3rd Owner,Surat,5,Fair,False,355000
Hyundai,Grand i10 Nios,Sportz,2020,CNG,Manual,77180,1147,20.3,4+ Owners,Ahmedabad,5,Excellent,False,180000
Toyota,Fortuner,Legender,2023,Diesel,Manual,24533,2755,15.3,1st Owner,Chennai,7,Fair,True,2005000
Honda,Amaze,VX,2013,Petrol,Manual,111558,1149,17.3,2nd Owner,Lucknow,5,Fair,False,120000
Audi,A4,40 TFSI Technology,2015,Petrol,Automatic,100706,1934,18.3,1st Owner,Kolkata,5,Good,False,1045000
Mahindra,Scorpio-N,Z8L,2018,Petrol,Manual,87922,2184,15.7,1st Owner,Surat,7,Good,False,470000
Kia,Carens,Prestige,2015,Petrol,Manual,128480,1447,16.3,1st Owner,Delhi,7,Poor,False,350000
Audi,Q3,40 TFSI,2015,Petrol,Automatic,155514,1984,14.7,3rd Owner,Chandigarh,5,Excellent,False,745000
Audi,Q3,35 TDI Quattro,2015,Petrol,Automatic,91391,2034,14.5,1st Owner,Surat,5,Poor,False,755000
Hyundai,i20,Sportz,2017,Petrol,Automatic,106027,1247,20.6,3rd Owner,Kochi,5,Good,False,175000
MG,Hector,Style,2024,Diesel,Manual,17468,1906,14.7,1st Owner,Lucknow,5,Good,True,1185000
Maruti Suzuki,Grand Vitara,Alpha,2018,Petrol,Automatic,106775,1490,28.3,4+ Owners,Delhi,5,Fair,False,350000
Tata,Harrier,Adventure,2020,Diesel,Manual,74158,1956,15.5,3rd Owner,Ahmedabad,5,Excellent,True,595000
Volkswagen,Virtus,Comfortline,2021,Petrol,Manual,59505,1498,18.4,1st Owner,Lucknow,5,Good,False,605000
Skoda,Slavia,Active,2023,Petrol,Manual,29563,1548,18.8,2nd Owner,Chandigarh,5,Excellent,False,720000
BMW,X1,sDrive20d,2018,Petrol,Automatic,69411,2045,15.3,4+ Owners,Lucknow,5,Good,False,955000
Kia,Sonet,GTX+,2021,Diesel,Automatic,69609,1147,19.1,3rd Owner,Mumbai,5,Excellent,False,365000
MG,Astor,Super,2024,Petrol,Manual,23744,1448,14.7,2nd Owner,Kochi,5,Good,False,735000
MG,Astor,Sharp,2022,Petrol,Manual,44119,1448,16.2,3rd Owner,Bengaluru,5,Poor,True,370000
Renault,Kiger,RXE,2016,Petrol,Manual,106495,949,19.5,3rd Owner,Jaipur,5,Excellent,False,135000
Volkswagen,Taigun,Comfortline,2021,Petrol,Manual,37358,1498,19.1,1st Owner,Ahmedabad,5,Fair,True,585000
Kia,Carens,Prestige,2024,Diesel,Automatic,23926,1447,15.3,3rd Owner,Hyderabad,7,Poor,False,530000
MG,Hector,Smart,2024,Diesel,Automatic,30027,1956,16.3,3rd Owner,Pune,5,Excellent,True,1005000
Mercedes-Benz,E-Class,E 220d,2022,Diesel,Automatic,52778,1943,16.5,4+ Owners,Jaipur,5,Poor,False,2030000
Hyundai,Grand i10 Nios,Era,2022,Petrol,Manual,41545,1247,21.2,4+ Owners,Lucknow,5,Poor,True,175000
Mercedes-Benz,E-Class,E 200,2022,Petrol,Automatic,48716,1943,15.2,1st Owner,Vadodara,5,Fair,True,3865000
Kia,Seltos,GTX+,2017,Diesel,Automatic,106031,1497,16.8,1st Owner,Pune,5,Poor,False,350000
Tata,Punch,Accomplished,2024,CNG,Automatic,21825,1149,19.5,2nd Owner,Pune,5,Fair,True,455000
Hyundai,Alcazar,Platinum,2018,Diesel,Manual,97472,1493,19.2,4+ Owners,Pune,7,Fair,False,350000
Mercedes-Benz,C-Class,C 220d,2018,Petrol,Automatic,73959,2043,17.5,3rd Owner,Kochi,5,Good,False,1510000
Hyundai,i20,Magna,2014,Petrol,Automatic,102229,1247,19.9,2nd Owner,Ahmedabad,5,Excellent,False,145000
Hyundai,Verna,S+,2020,Petrol,Manual,88407,1547,20.1,1st Owner,Kolkata,5,Good,True,475000
Honda,Civic,ZX,2016,Petrol,Automatic,108612,1749,17.6,4+ Owners,Lucknow,5,Poor,False,350000
Renault,Kwid,CLIMBER,2015,Petrol,Automatic,115087,999,21.8,3rd Owner,Hyderabad,5,Fair,False,120000
BMW,3 Series,330i M Sport,2024,Petrol,Automatic,19480,2045,16.0,3rd Owner,Delhi,5,Good,False,3065000
MG,Hector,Sharp Pro,2017,Petrol,Automatic,122711,2006,15.6,2nd Owner,Mumbai,5,Poor,True,350000
Volkswagen,Polo,Comfortline,2014,Petrol,Manual,126404,1049,16.8,4+ Owners,Ahmedabad,5,Good,False,120000
Volkswagen,Taigun,Topline,2018,Petrol,Automatic,71745,1548,18.1,1st Owner,Chandigarh,5,Excellent,False,475000
Mercedes-Benz,C-Class,C 300d,2014,Diesel,Automatic,110332,2043,17.7,2nd Owner,Lucknow,5,Good,True,1015000
Volkswagen,Polo,Trendline,2018,Petrol,Manual,103235,999,17.8,4+ Owners,Bengaluru,5,Fair,True,125000
Mahindra,XUV700,AX7,2017,Diesel,Manual,81475,2184,13.7,2nd Owner,Pune,7,Excellent,False,425000
Hyundai,Grand i10 Nios,Sportz,2013,Petrol,Manual,155033,1147,19.2,1st Owner,Mumbai,5,Fair,False,120000
Mercedes-Benz,GLC,GLC 300,2014,Petrol,Automatic,168922,2043,13.9,3rd Owner,Delhi,5,Good,False,895000
Volkswagen,Polo,Comfortline,2021,Petrol,Automatic,29120,1049,19.4,1st Owner,Kochi,5,Fair,False,310000
MG,Hector,Shine,2014,Diesel,Manual,104043,1956,17.1,4+ Owners,Kochi,5,Poor,True,350000
Hyundai,Verna,S+,2018,Petrol,Manual,111405,1497,17.2,1st Owner,Kolkata,5,Excellent,True,390000
Mahindra,Bolero,B6(O),2022,Diesel,Manual,43764,1443,15.8,2nd Owner,Chennai,7,Poor,False,350000
Hyundai,Venue,E,2020,Petrol,Automatic,85956,1197,17.5,3rd Owner,Kochi,5,Excellent,True,320000
Hyundai,Verna,S+,2023,Diesel,Manual,40717,1447,20.0,4+ Owners,Hyderabad,5,Fair,True,470000
MG,Astor,Super,2021,Petrol,Manual,45186,1498,16.1,2nd Owner,Surat,5,Fair,True,445000
Volkswagen,Virtus,Comfortline,2013,Petrol,Manual,103523,1448,19.8,3rd Owner,Bengaluru,5,Poor,True,350000
Audi,A6,45 TFSI Premium Plus,2015,Petrol,Automatic,115457,2034,14.3,3rd Owner,Hyderabad,5,Fair,False,975000
Kia,Sonet,GTX+,2017,Petrol,Automatic,87538,1247,19.0,1st Owner,Surat,5,Poor,True,195000
Honda,City,ZX,2014,Petrol,Manual,165137,1448,17.9,2nd Owner,Surat,5,Fair,False,350000
Toyota,Glanza,G,2014,Petrol,Automatic,109149,1247,23.3,2nd Owner,Bengaluru,5,Excellent,False,140000
Hyundai,i20,Magna,2019,Petrol,Manual,49688,1197,20.7,4+ Owners,Surat,5,Good,False,200000
Maruti Suzuki,Ciaz,Delta,2016,Petrol,Manual,60822,1462,21.1,3rd Owner,Bengaluru,5,Fair,False,160000
MG,Hector,Sharp Pro,2019,Petrol,Automatic,97023,1906,14.9,2nd Owner,Pune,5,Poor,True,410000
Hyundai,i20,Asta,2021,Petrol,Manual,76022,1147,19.2,1st Owner,Ahmedabad,5,Excellent,True,410000
Mahindra,Scorpio-N,Z2,2015,Petrol,Manual,69301,2184,13.0,1st Owner,Lucknow,7,Poor,True,350000
Mercedes-Benz,GLC,GLC 220d,2022,Petrol,Automatic,57545,1993,15.3,4+ Owners,Kolkata,5,Good,False,2525000
Mahindra,XUV300,W8(O),2015,Diesel,Automatic,104702,1497,20.4,2nd Owner,Ahmedabad,5,Fair,True,160000
Maruti Suzuki,Alto,LXi,2015,Petrol,Manual,144824,746,26.2,2nd Owner,Lucknow,5,Fair,True,120000
Kia,Sonet,GTX+,2024,Diesel,Automatic,28322,1197,17.9,4+ Owners,Bengaluru,5,Good,True,465000
Honda,Amaze,VX,2023,Petrol,Automatic,47631,1199,19.0,2nd Owner,Ahmedabad,5,Good,False,430000
MG,Astor,Smart,2022,Petrol,Manual,36626,1498,15.0,2nd Owner,Vadodara,5,Poor,False,385000
Volkswagen,Virtus,Highline,2019,Petrol,Automatic,62455,1548,19.4,2nd Owner,Bengaluru,5,Poor,False,350000
Audi,Q3,35 TDI Quattro,2020,Diesel,Automatic,42610,1934,14.4,1st Owner,Pune,5,Excellent,False,2200000
Mahindra,XUV700,AX3,2016,Diesel,Manual,120629,2184,14.3,4+ Owners,Kolkata,7,Fair,True,350000
Hyundai,Grand i10 Nios,Magna,2015,Petrol,Automatic,92061,1247,20.4,4+ Owners,Surat,5,Fair,True,120000
MG,Hector,Sharp Pro,2014,Petrol,Manual,150638,1956,15.7,1st Owner,Chandigarh,5,Fair,False,350000
Tata,Safari,Smart,2020,Diesel,Automatic,46413,1906,15.3,3rd Owner,Vadodara,7,Poor,True,500000
Mercedes-Benz,GLC,GLC 220d,2023,Diesel,Automatic,23894,2043,16.2,4+ Owners,Mumbai,5,Poor,True,2215000
Toyota,Innova Crysta,ZX,2017,Diesel,Automatic,99705,2393,13.8,2nd Owner,Surat,7,Fair,False,480000
Kia,Sonet,HTE,2017,Diesel,Manual,99600,1147,19.5,1st Owner,Surat,5,Excellent,False,240000
Volkswagen,Taigun,GT,2013,Petrol,Automatic,151496,1548,18.9,4+ Owners,Ahmedabad,5,Fair,True,350000
BMW,5 Series,520d Luxury Line,2020,Diesel,Automatic,47554,2045,16.2,3rd Owner,Lucknow,5,Excellent,True,2650000
Mercedes-Benz,C-Class,C 220d,2014,Petrol,Automatic,83291,2043,17.8,1st Owner,Lucknow,5,Excellent,True,1265000
BMW,5 Series,520d Luxury Line,2015,Diesel,Automatic,83061,1945,18.0,2nd Owner,Surat,5,Excellent,True,1405000
Hyundai,Creta,SX,2023,Petrol,Manual,17758,1497,16.3,2nd Owner,Kolkata,5,Good,False,700000
Tata,Safari,Adventure,2024,Diesel,Automatic,22374,1906,15.0,2nd Owner,Chennai,7,Good,True,1400000
BMW,3 Series,320d Luxury Line,2015,Diesel,Automatic,97737,2045,17.1,3rd Owner,Chandigarh,5,Poor,False,610000
Toyota,Glanza,S,2021,Petrol,Automatic,51697,1147,21.0,4+ Owners,Pune,5,Excellent,False,270000
Mercedes-Benz,GLC,GLC 300,2013,Petrol,Automatic,152065,2043,14.0,3rd Owner,Kolkata,5,Fair,False,695000
Toyota,Camry,2.5 Hybrid,2021,Hybrid,Automatic,40669,2487,19.7,4+ Owners,Kolkata,5,Poor,False,1265000
Audi,A6,45 TFSI Technology,2020,Petrol,Automatic,52279,1984,15.4,2nd Owner,Kochi,5,Fair,False,2325000
MG,Hector,Sharp Pro,2018,Petrol,Automatic,69114,2006,17.1,2nd Owner,Delhi,5,Excellent,False,500000
Toyota,Glanza,S,2013,CNG,Automatic,112681,1247,21.6,2nd Owner,Kolkata,5,Poor,False,120000
Audi,A4,40 TFSI Technology,2023,Petrol,Automatic,20304,1984,18.0,3rd Owner,Bengaluru,5,Good,False,2605000
Kia,Sonet,HTE,2017,Petrol,Automatic,102829,1247,17.3,2nd Owner,Jaipur,5,Fair,False,200000
Mercedes-Benz,GLC,GLC 220d,2018,Diesel,Automatic,53644,1993,14.5,2nd Owner,Pune,5,Good,False,1975000
Volkswagen,Taigun,Topline,2022,Petrol,Manual,33600,1548,18.0,2nd Owner,Surat,5,Good,True,660000
Volkswagen,Virtus,Topline,2021,Petrol,Automatic,43419,1448,18.7,4+ Owners,Chandigarh,5,Fair,True,400000
Mercedes-Benz,C-Class,C 200,2024,Petrol,Automatic,17695,1943,16.1,1st Owner,Pune,5,Fair,False,3910000
Mercedes-Benz,E-Class,E 200,2020,Diesel,Automatic,52470,1993,15.7,2nd Owner,Jaipur,5,Fair,True,2755000
Kia,Carens,Premium,2017,Diesel,Manual,76091,1447,15.1,4+ Owners,Delhi,7,Fair,False,350000
Tata,Safari,Accomplished,2021,Diesel,Automatic,53495,1956,16.2,2nd Owner,Surat,7,Poor,False,610000
Tata,Harrier,Smart,2014,Diesel,Automatic,167834,1906,16.2,4+ Owners,Jaipur,5,Excellent,False,350000
Kia,Seltos,HTX,2022,Petrol,Automatic,41877,1547,15.7,2nd Owner,Kolkata,5,Excellent,True,700000
Hyundai,Grand i10 Nios,Magna,2024,Petrol,Manual,25656,1197,19.4,3rd Owner,Kochi,5,Excellent,False,370000
Maruti Suzuki,Ciaz,Alpha,2023,Petrol,Manual,42405,1412,19.8,1st Owner,Kochi,5,Fair,True,540000
MG,Hector,Style,2023,Petrol,Automatic,16773,1906,16.6,2nd Owner,Lucknow,5,Good,False,945000
Mercedes-Benz,GLC,GLC 300,2013,Diesel,Automatic,85803,2043,13.4,2nd Owner,Chandigarh,5,Excellent,True,1050000
Volkswagen,Virtus,Topline,2024,Petrol,Automatic,27371,1498,17.7,1st Owner,Vadodara,5,Fair,False,855000
Skoda,Kushaq,Ambition,2016,Petrol,Automatic,93428,1498,17.6,3rd Owner,Kolkata,5,Excellent,False,350000
MG,Astor,Super,2015,Petrol,Manual,133576,1548,16.1,2nd Owner,Hyderabad,5,Fair,True,350000
Audi,A6,45 TFSI Technology,2020,Petrol,Automatic,60356,2034,12.7,1st Owner,Hyderabad,5,Good,False,2750000
BMW,5 Series,530d M Sport,2020,Diesel,Automatic,88197,2045,17.7,2nd Owner,Delhi,5,Excellent,True,2855000
Renault,Kwid,RXT,2017,Petrol,Automatic,121868,1049,22.2,2nd Owner,Delhi,5,Excellent,False,130000
Honda,Civic,ZX,2018,Petrol,Automatic,99086,1799,17.3,1st Owner,Chennai,5,Good,False,620000
Mercedes-Benz,C-Class,C 220d,2023,Petrol,Automatic,22815,1943,15.7,2nd Owner,Kolkata,5,Fair,False,2845000
Renault,Triber,RXE,2024,Petrol,Manual,16647,1049,18.6,1st Owner,Kolkata,7,Poor,False,365000
Maruti Suzuki,Swift,LXi,2017,CNG,Automatic,84268,1147,22.8,2nd Owner,Hyderabad,5,Poor,True,140000
Maruti Suzuki,Alto,VXi,2024,CNG,Manual,14242,796,23.5,3rd Owner,Kolkata,5,Poor,True,170000
Mahindra,Bolero,B6(O),2015,Diesel,Manual,138198,1543,15.7,4+ Owners,Pune,7,Fair,True,125000
Mercedes-Benz,E-Class,E 350d,2021,Diesel,Automatic,62781,2043,14.3,2nd Owner,Pune,5,Fair,False,2870000
Skoda,Octavia,Style,2013,Petrol,Automatic,155611,2034,16.8,2nd Owner,Lucknow,5,Good,True,435000
Kia,Seltos,GTX+,2014,Petrol,Manual,72965,1547,17.5,2nd Owner,Surat,5,Good,False,350000
Mahindra,Scorpio-N,Z8L,2019,Diesel,Manual,84948,2184,15.1,1st Owner,Hyderabad,7,Poor,True,440000
Mercedes-Benz,C-Class,C 300d,2013,Petrol,Automatic,105928,2043,18.3,2nd Owner,Kochi,5,Poor,False,640000
Skoda,Octavia,Style,2016,Petrol,Automatic,65936,1934,14.9,1st Owner,Delhi,5,Fair,False,700000
Kia,Sonet,GTX+,2013,Diesel,Automatic,162718,1147,17.8,4+ Owners,Vadodara,5,Excellent,False,120000
Volkswagen,Taigun,Topline,2013,Petrol,Automatic,164562,1448,17.6,3rd Owner,Vadodara,5,Poor,True,350000
Volkswagen,Virtus,GT Plus,2017,Petrol,Manual,87720,1498,18.2,3rd Owner,Hyderabad,5,Poor,True,350000
Skoda,Octavia,L&K,2016,Petrol,Automatic,59783,2034,16.9,1st Owner,Jaipur,5,Poor,True,585000
Volkswagen,Taigun,GT,2021,Petrol,Automatic,44101,1498,16.8,4+ Owners,Chennai,5,Good,True,470000
Mahindra,XUV300,W4,2023,Petrol,Manual,31685,1497,19.2,4+ Owners,Kochi,5,Good,False,370000
Tata,Punch,Accomplished,2023,CNG,Manual,37757,1149,19.0,2nd Owner,Surat,5,Excellent,False,400000
Mercedes-Benz,GLC,GLC 300,2013,Diesel,Automatic,170914,1943,14.0,4+ Owners,Delhi,5,Excellent,True,725000
MG,Astor,Sharp,2019,Petrol,Manual,52269,1448,13.6,2nd Owner,Vadodara,5,Good,False,370000
Skoda,Kushaq,Style,2020,Petrol,Manual,74518,1548,16.5,2nd Owner,Bengaluru,5,Fair,True,430000
Kia,Seltos,HTX,2013,Petrol,Manual,190078,1547,17.1,3rd Owner,Kochi,5,Good,False,350000
Audi,A6,45 TFSI Premium Plus,2016,Petrol,Automatic,137938,1934,13.1,1st Owner,Bengaluru,5,Good,True,1655000
Hyundai,Venue,SX(O),2014,Petrol,Manual,155214,1147,18.5,4+ Owners,Mumbai,5,Poor,True,120000
Mercedes-Benz,E-Class,E 220d,2016,Diesel,Automatic,133371,2043,16.2,4+ Owners,Chandigarh,5,Poor,True,900000
Skoda,Kushaq,Monte Carlo,2014,Petrol,Manual,151130,1548,16.7,2nd Owner,Kochi,5,Excellent,False,350000
Toyota,Camry,2.5 Hybrid,2017,Hybrid,Automatic,127670,2487,19.1,2nd Owner,Kolkata,5,Fair,True,1075000
Mahindra,Bolero,B6(O),2022,Diesel,Manual,42020,1493,16.3,2nd Owner,Pune,7,Fair,True,445000
Mahindra,Scorpio-N,Z4,2018,Diesel,Automatic,85528,2184,15.0,2nd Owner,Kochi,7,Good,False,455000
MG,Astor,Smart,2016,Petrol,Manual,79975,1548,14.0,3rd Owner,Bengaluru,5,Poor,False,350000
Volkswagen,Polo,Highline,2022,Petrol,Automatic,33761,1049,16.9,1st Owner,Ahmedabad,5,Poor,True,300000
Mercedes-Benz,E-Class,E 200,2020,Diesel,Automatic,55931,1943,16.4,4+ Owners,Chandigarh,5,Excellent,False,2345000
Mahindra,Thar,AX(O),2015,Petrol,Automatic,72484,2184,16.2,3rd Owner,Delhi,4,Fair,True,350000
BMW,X1,sDrive20i,2016,Petrol,Automatic,59435,1995,17.7,3rd Owner,Chennai,5,Poor,True,665000
Renault,Kiger,RXZ,2017,Petrol,Manual,72741,1049,19.4,2nd Owner,Bengaluru,5,Poor,True,135000
Maruti Suzuki,Brezza,LXi,2022,CNG,Automatic,29727,1412,20.8,2nd Owner,Hyderabad,5,Poor,True,405000
Honda,WR-V,SV,2013,Petrol,Manual,173025,1498,16.6,1st Owner,Lucknow,5,Excellent,False,145000
Volkswagen,Virtus,GT Plus,2022,Petrol,Manual,59923,1448,19.7,4+ Owners,Ahmedabad,5,Fair,False,380000
Skoda,Octavia,L&K,2020,Petrol,Automatic,47469,2034,16.8,4+ Owners,Bengaluru,5,Poor,True,655000
Mahindra,XUV300,W8,2016,Diesel,Manual,125855,1447,20.6,2nd Owner,Vadodara,5,Excellent,False,195000
Maruti Suzuki,Alto,VXi,2018,CNG,Manual,54723,796,25.4,4+ Owners,Delhi,5,Poor,False,120000
Toyota,Glanza,G,2020,Petrol,Manual,62013,1247,22.4,2nd Owner,Lucknow,5,Excellent,False,290000
Mercedes-Benz,C-Class,C 220d,2024,Petrol,Automatic,13742,1943,17.0,3rd Owner,Kolkata,5,Good,False,3335000
Kia,Sonet,HTK,2016,Diesel,Automatic,91828,1147,17.6,1st Owner,Chandigarh,5,Excellent,True,240000
Volkswagen,Taigun,Highline,2016,Petrol,Manual,69723,1448,17.1,2nd Owner,Jaipur,5,Excellent,False,350000
Mahindra,XUV700,AX3,2021,Petrol,Manual,32047,2184,15.1,3rd Owner,Jaipur,7,Excellent,True,695000
Tata,Nexon,Fearless,2015,Petrol,Manual,132751,1199,16.6,2nd Owner,Surat,5,Excellent,True,170000
Renault,Kwid,RXT,2019,Petrol,Manual,78484,1049,22.9,4+ Owners,Jaipur,5,Poor,False,120000
Skoda,Kushaq,Monte Carlo,2017,Petrol,Manual,132374,1448,18.8,2nd Owner,Delhi,5,Fair,False,350000
Kia,Sonet,GTX+,2017,Diesel,Manual,104359,1147,19.2,2nd Owner,Ahmedabad,5,Good,False,210000
Mercedes-Benz,GLC,GLC 220d,2023,Diesel,Automatic,28346,1943,15.9,4+ Owners,Chennai,5,Poor,False,2140000
Volkswagen,Taigun,Highline,2020,Petrol,Automatic,41066,1448,19.0,1st Owner,Chennai,5,Fair,True,540000
Kia,Carens,Luxury Plus,2014,Diesel,Automatic,176580,1447,17.8,4+ Owners,Delhi,7,Fair,False,350000
Skoda,Slavia,Active,2014,Petrol,Automatic,80176,1548,17.7,3rd Owner,Mumbai,5,Poor,False,350000
Renault,Triber,RXT,2022,Petrol,Automatic,44946,1049,19.3,4+ Owners,Kochi,7,Poor,False,210000
Maruti Suzuki,Ciaz,Sigma,2015,Petrol,Automatic,145642,1412,18.9,2nd Owner,Delhi,5,Poor,False,130000
Maruti Suzuki,Swift,ZXi,2013,Petrol,Manual,166274,1197,23.2,2nd Owner,Ahmedabad,5,Fair,True,120000
Hyundai,i20,Magna,2017,Petrol,Manual,89973,1147,21.6,4+ Owners,Delhi,5,Excellent,False,160000
Mahindra,Bolero,B6(O),2018,Diesel,Manual,121232,1543,16.5,2nd Owner,Vadodara,7,Fair,True,230000
Maruti Suzuki,Alto,LXi,2017,CNG,Manual,130187,746,26.1,3rd Owner,Kochi,5,Fair,True,120000
Skoda,Slavia,Active,2016,Petrol,Manual,81033,1548,18.1,4+ Owners,Ahmedabad,5,Fair,False,350000
Tata,Altroz,XZ,2023,Petrol,Automatic,23933,1199,20.2,2nd Owner,Ahmedabad,5,Poor,True,330000
Mahindra,Thar,LX Petrol AT,2016,Diesel,Automatic,124436,2184,14.9,2nd Owner,Chennai,4,Good,True,350000
Renault,Triber,RXZ,2014,Petrol,Manual,84315,949,19.1,4+ Owners,Delhi,7,Good,True,120000
Tata,Nexon,Pure,2017,Diesel,Automatic,63559,1149,18.6,3rd Owner,Delhi,5,Excellent,True,250000
Renault,Kwid,RXT,2015,Petrol,Automatic,85750,1049,21.4,1st Owner,Lucknow,5,Fair,True,120000
Renault,Triber,LXL,2023,Petrol,Automatic,29646,949,18.7,3rd Owner,Vadodara,7,Good,False,380000
Mahindra,Bolero,B6,2017,Diesel,Manual,89735,1543,15.5,2nd Owner,Kolkata,7,Good,True,240000
Maruti Suzuki,Baleno,Delta,2014,CNG,Manual,98555,1197,23.7,3rd Owner,Chandigarh,5,Good,False,120000
Hyundai,Alcazar,Signature,2023,Diesel,Manual,37813,1493,17.1,2nd Owner,Pune,7,Excellent,True,985000
Audi,A6,45 TFSI Technology,2015,Petrol,Automatic,138933,1984,13.0,3rd Owner,Surat,5,Poor,False,800000
Mercedes-Benz,GLC,GLC 220d,2013,Petrol,Automatic,164083,1993,15.8,3rd Owner,Bengaluru,5,Excellent,True,835000
Renault,Triber,RXT,2016,Petrol,Automatic,62441,1049,18.6,3rd Owner,Kochi,7,Fair,False,120000
Volkswagen,Polo,Comfortline,2016,Petrol,Automatic,143210,1049,17.9,2nd Owner,Ahmedabad,5,Excellent,False,160000
Renault,Kiger,RXT,2021,Petrol,Manual,54754,949,18.8,1st Owner,Kolkata,5,Poor,False,265000
Renault,Kiger,RXE,2018,Petrol,Automatic,83607,1049,20.2,2nd Owner,Vadodara,5,Fair,False,185000
Skoda,Slavia,Active,2016,Petrol,Manual,121076,1498,17.1,1st Owner,Kochi,5,Fair,False,350000
Audi,Q3,40 TFSI,2022,Petrol,Automatic,42734,2034,16.0,1st Owner,Lucknow,5,Good,False,2610000
Mahindra,XUV700,AX7L,2023,Petrol,Manual,36413,2184,13.5,2nd Owner,Kolkata,7,Excellent,True,975000
BMW,X1,sDrive20i,2015,Diesel,Automatic,139539,1995,15.4,2nd Owner,Pune,5,Excellent,False,825000
Skoda,Octavia,Style,2014,Petrol,Automatic,72572,1934,16.6,3rd Owner,Bengaluru,5,Excellent,False,470000
Skoda,Octavia,L&K,2021,Petrol,Automatic,50159,1984,16.7,3rd Owner,Bengaluru,5,Poor,True,875000
Toyota,Fortuner,2.7 4x2,2014,Petrol,Manual,137875,2755,14.3,2nd Owner,Kolkata,7,Fair,True,490000
Kia,Sonet,HTE,2021,Diesel,Manual,42835,1247,18.8,1st Owner,Surat,5,Good,False,420000
Volkswagen,Taigun,Topline,2023,Petrol,Manual,16657,1498,16.9,3rd Owner,Mumbai,5,Fair,False,570000
Audi,A4,40 TFSI Technology,2020,Petrol,Automatic,49960,2034,18.2,2nd Owner,Kolkata,5,Poor,False,1315000
Mercedes-Benz,C-Class,C 300d,2018,Petrol,Automatic,121365,1993,15.5,1st Owner,Mumbai,5,Fair,True,1680000
Audi,A6,45 TFSI Premium Plus,2017,Petrol,Automatic,69661,1984,12.8,3rd Owner,Surat,5,Fair,False,1245000
Toyota,Glanza,S,2024,Petrol,Manual,26840,1197,21.1,3rd Owner,Kochi,5,Fair,False,395000
Tata,Altroz,XM,2022,Petrol,Manual,27746,1199,20.3,1st Owner,Kochi,5,Fair,False,345000
Kia,Seltos,HTX,2019,Petrol,Automatic,69708,1447,15.7,1st Owner,Delhi,5,Poor,True,375000
Mahindra,XUV300,W4,2017,Petrol,Manual,67560,1447,19.1,1st Owner,Vadodara,5,Excellent,False,260000
BMW,3 Series,320d Luxury Line,2024,Petrol,Automatic,16740,1995,16.3,2nd Owner,Kolkata,5,Good,True,3510000
Renault,Kiger,RXT,2016,Petrol,Automatic,84937,1049,18.8,3rd Owner,Chennai,5,Good,True,160000
Toyota,Camry,2.5 Hybrid,2014,Hybrid,Automatic,119828,2487,19.3,1st Owner,Vadodara,5,Good,True,960000
Honda,Amaze,VX,2013,Petrol,Automatic,105887,1199,20.0,1st Owner,Vadodara,5,Good,True,140000
Maruti Suzuki,Alto,Std,2018,Petrol,Manual,65328,846,25.1,1st Owner,Lucknow,5,Fair,False,120000
Kia,Carens,Luxury,2020,Petrol,Manual,58698,1497,15.6,2nd Owner,Kolkata,7,Poor,False,350000
Toyota,Fortuner,Legender,2020,Petrol,Manual,45372,2755,14.3,2nd Owner,Ahmedabad,7,Excellent,False,1345000
Toyota,Innova Crysta,VX,2013,Diesel,Manual,176484,2393,14.5,2nd Owner,Kolkata,7,Good,False,350000
Kia,Sonet,HTK,2020,Petrol,Automatic,45402,1147,18.8,4+ Owners,Hyderabad,5,Good,True,275000
Mahindra,Bolero,B6,2024,Diesel,Manual,30006,1543,15.7,1st Owner,Chandigarh,7,Excellent,True,815000
Toyota,Innova Crysta,ZX,2021,Diesel,Automatic,69335,2393,14.0,1st Owner,Pune,7,Poor,False,750000
Honda,Amaze,E,2024,Petrol,Automatic,20685,1249,17.7,4+ Owners,Vadodara,5,Fair,True,370000
Renault,Kwid,RXT,2018,Petrol,Automatic,98499,949,22.1,4+ Owners,Hyderabad,5,Poor,True,120000
Hyundai,Grand i10 Nios,Magna,2016,CNG,Manual,97232,1197,20.8,1st Owner,Delhi,5,Poor,True,120000
Honda,Amaze,S,2014,Petrol,Automatic,76995,1149,20.1,4+ Owners,Hyderabad,5,Excellent,False,120000
Renault,Kwid,RXT,2017,Petrol,Manual,124721,1049,21.0,1st Owner,Lucknow,5,Poor,True,120000
Mahindra,Thar,AX(O),2021,Petrol,Automatic,33002,2184,15.8,3rd Owner,Kochi,4,Poor,True,425000
Hyundai,Alcazar,Signature,2013,Diesel,Manual,113218,1443,18.8,2nd Owner,Hyderabad,7,Good,True,350000
Volkswagen,Virtus,GT Plus,2016,Petrol,Manual,78655,1498,19.0,3rd Owner,Lucknow,5,Poor,True,350000
Audi,A4,40 TFSI Technology,2019,Petrol,Automatic,81527,2034,16.4,4+ Owners,Delhi,5,Excellent,True,1300000
Tata,Safari,Smart,2019,Diesel,Manual,77043,2006,16.5,3rd Owner,Kolkata,7,Good,True,580000
Kia,Seltos,X-Line,2020,Diesel,Automatic,61086,1547,17.9,1st Owner,Hyderabad,5,Poor,False,410000
Skoda,Kushaq,Active,2022,Petrol,Manual,27288,1548,18.5,1st Owner,Jaipur,5,Poor,False,545000
Renault,Kiger,RXZ,2015,Petrol,Manual,162938,949,18.3,1st Owner,Jaipur,5,Excellent,True,155000
Hyundai,Verna,EX,2017,Diesel,Automatic,133168,1447,17.2,4+ Owners,Lucknow,5,Good,True,350000
Honda,City,ZX,2015,Hybrid,Manual,147033,1448,18.5,3rd Owner,Kolkata,5,Good,False,350000
Mahindra,Thar,AX(O),2013,Petrol,Manual,81831,2184,14.7,1st Owner,Delhi,4,Good,False,350000
Hyundai,Venue,SX(O),2023,Diesel,Manual,17722,1197,16.9,1st Owner,Kochi,5,Fair,False,495000
Hyundai,Grand i10 Nios,Magna,2022,CNG,Automatic,60740,1147,19.7,3rd Owner,Jaipur,5,Excellent,False,295000
Maruti Suzuki,Ciaz,Alpha,2020,Petrol,Manual,36845,1512,19.3,2nd Owner,Ahmedabad,5,Fair,False,305000
BMW,X1,sDrive20i,2021,Petrol,Automatic,58954,1945,16.0,3rd Owner,Jaipur,5,Good,False,1680000
Maruti Suzuki,Wagon R,VXi,2015,CNG,Manual,76791,948,24.9,2nd Owner,Ahmedabad,5,Poor,False,120000
Maruti Suzuki,Ciaz,Delta,2015,Petrol,Manual,111026,1412,21.1,3rd Owner,Lucknow,5,Excellent,True,165000
BMW,5 Series,520d Luxury Line,2021,Diesel,Automatic,54843,1945,17.0,2nd Owner,Jaipur,5,Excellent,False,3065000
Tata,Tiago,XE,2015,Electric,Automatic,117984,1249,20.2,3rd Owner,Ahmedabad,5,Fair,True,120000
Kia,Carens,Prestige,2018,Diesel,Manual,62712,1497,15.2,1st Owner,Lucknow,7,Poor,False,350000
MG,Astor,Super,2018,Petrol,Automatic,52601,1498,15.7,3rd Owner,Pune,5,Good,False,350000
Audi,Q3,35 TDI Quattro,2023,Petrol,Automatic,37584,1984,16.7,3rd Owner,Jaipur,5,Excellent,True,2585000
Mahindra,XUV700,AX7L,2024,Petrol,Automatic,21063,2184,13.9,1st Owner,Vadodara,7,Fair,True,1185000
MG,Hector,Smart,2016,Petrol,Manual,96047,1906,16.8,3rd Owner,Chandigarh,5,Fair,True,350000
Honda,Amaze,E,2014,Petrol,Automatic,179094,1249,19.7,1st Owner,Jaipur,5,Excellent,True,145000
Hyundai,Alcazar,Signature,2016,Diesel,Manual,84705,1543,17.6,2nd Owner,Mumbai,7,Poor,True,350000
Hyundai,Grand i10 Nios,Asta,2018,CNG,Manual,112715,1197,21.5,1st Owner,Mumbai,5,Good,True,205000
Mercedes-Benz,C-Class,C 300d,2014,Diesel,Automatic,92115,2043,17.0,1st Owner,Hyderabad,5,Poor,False,815000
BMW,5 Series,530d M Sport,2024,Diesel,Automatic,21664,2045,17.9,4+ Owners,Pune,5,Fair,True,3360000
Hyundai,Verna,EX,2014,Diesel,Manual,178796,1447,17.8,4+ Owners,Pune,5,Excellent,True,350000
Kia,Seltos,HTK,2024,Petrol,Manual,26996,1447,16.2,3rd Owner,Pune,5,Fair,False,605000
Toyota,Fortuner,2.8 4x4 AT,2015,Diesel,Manual,128458,2755,15.0,3rd Owner,Hyderabad,7,Poor,False,405000
Mercedes-Benz,GLC,GLC 220d,2021,Petrol,Automatic,43538,1943,16.0,2nd Owner,Lucknow,5,Excellent,True,3115000
Kia,Carens,Premium,2013,Diesel,Manual,172235,1497,17.8,2nd Owner,Delhi,7,Good,True,350000
Mahindra,Scorpio-N,Z2,2019,Petrol,Automatic,58426,2184,14.9,4+ Owners,Ahmedabad,7,Good,True,465000
Audi,A6,45 TFSI Technology,2024,Petrol,Automatic,20912,2034,12.6,4+ Owners,Kochi,5,Good,False,3305000
Volkswagen,Polo,Comfortline,2019,Petrol,Manual,70935,1049,18.9,1st Owner,Delhi,5,Fair,False,225000
Maruti Suzuki,Swift,ZXi,2022,Petrol,Automatic,41702,1147,22.9,4+ Owners,Chennai,5,Good,False,275000
BMW,X1,sDrive20i,2022,Diesel,Automatic,51364,2045,15.7,3rd Owner,Chandigarh,5,Poor,True,1435000
Renault,Kwid,CLIMBER,2013,Petrol,Manual,114416,949,21.1,2nd Owner,Chennai,5,Good,False,120000
Skoda,Slavia,Ambition,2022,Petrol,Automatic,36676,1548,17.4,4+ Owners,Mumbai,5,Poor,True,385000
Toyota,Innova Crysta,ZX,2022,Diesel,Automatic,47705,2393,16.3,2nd Owner,Vadodara,7,Excellent,False,1200000
Mahindra,XUV300,W4,2015,Diesel,Automatic,76388,1447,19.7,3rd Owner,Jaipur,5,Good,False,165000
Hyundai,Grand i10 Nios,Asta,2022,CNG,Automatic,47860,1147,19.2,4+ Owners,Kochi,5,Poor,True,195000
MG,Hector,Shine,2021,Diesel,Automatic,39972,1906,16.6,4+ Owners,Jaipur,5,Good,True,590000
Mercedes-Benz,E-Class,E 350d,2017,Petrol,Automatic,82048,1943,13.5,4+ Owners,Chandigarh,5,Poor,False,1035000
Maruti Suzuki,Baleno,Alpha,2021,Petrol,Manual,35817,1247,22.4,1st Owner,Mumbai,5,Excellent,False,375000
Renault,Kiger,RXT,2014,Petrol,Manual,132070,999,18.8,2nd Owner,Lucknow,5,Good,False,120000
MG,Hector,Style,2024,Diesel,Manual,21593,1906,17.0,4+ Owners,Kolkata,5,Fair,False,665000
BMW,5 Series,520d Luxury Line,2024,Diesel,Automatic,14507,1995,16.0,1st Owner,Surat,5,Poor,False,3985000
Maruti Suzuki,Brezza,LXi,2017,Petrol,Automatic,135997,1462,18.5,2nd Owner,Hyderabad,5,Good,False,230000
Tata,Harrier,Adventure,2024,Diesel,Manual,25871,1906,16.7,1st Owner,Kolkata,5,Excellent,True,1455000
Tata,Tiago,XE,2014,Electric,Manual,74307,1149,19.2,4+ Owners,Hyderabad,5,Fair,True,120000
Skoda,Octavia,L&K,2019,Petrol,Automatic,70356,1934,17.0,3rd Owner,Chennai,5,Fair,True,810000
Tata,Altroz,XT,2013,Petrol,Automatic,144981,1149,20.7,1st Owner,Ahmedabad,5,Fair,False,120000
Honda,Civic,V,2023,Diesel,Automatic,41285,1849,15.3,2nd Owner,Kolkata,5,Poor,True,885000
Hyundai,Creta,EX,2023,Petrol,Automatic,43343,1447,17.2,3rd Owner,Jaipur,5,Poor,True,490000
Mahindra,XUV300,W8(O),2016,Diesel,Manual,148341,1447,21.0,2nd Owner,Jaipur,5,Fair,False,150000
Honda,Civic,ZX,2013,Diesel,Automatic,161736,1799,16.4,1st Owner,Ahmedabad,5,Poor,True,350000
Skoda,Slavia,Active,2018,Petrol,Automatic,117209,1448,19.0,2nd Owner,Bengaluru,5,Good,False,350000
Tata,Nexon,Fearless,2023,Diesel,Manual,39299,1199,18.7,3rd Owner,Ahmedabad,5,Good,True,465000
Mercedes-Benz,C-Class,C 220d,2022,Petrol,Automatic,53558,2043,18.3,3rd Owner,Hyderabad,5,Poor,False,1915000
Audi,A4,40 TFSI Premium,2015,Petrol,Automatic,71870,2034,18.4,4+ Owners,Surat,5,Fair,False,665000
Toyota,Glanza,E,2023,Petrol,Automatic,38446,1247,22.4,4+ Owners,Kochi,5,Excellent,False,355000
Tata,Punch,Creative,2020,CNG,Automatic,60101,1249,19.1,4+ Owners,Chennai,5,Poor,True,170000
Hyundai,Alcazar,Signature,2023,Diesel,Automatic,48225,1493,18.2,4+ Owners,Jaipur,7,Poor,True,610000
Tata,Harrier,Pure,2020,Diesel,Automatic,83556,1956,17.2,2nd Owner,Pune,5,Excellent,False,745000
MG,Astor,Sharp,2019,Petrol,Automatic,42890,1548,13.7,3rd Owner,Jaipur,5,Good,False,365000
Toyota,Glanza,S,2021,CNG,Automatic,61493,1147,21.9,3rd Owner,Bengaluru,5,Good,True,320000
BMW,X1,sDrive20i,2019,Petrol,Automatic,102325,1995,16.0,3rd Owner,Delhi,5,Fair,True,1145000
Mahindra,XUV300,W6,2018,Diesel,Manual,73133,1547,19.2,2nd Owner,Pune,5,Fair,True,225000
Skoda,Slavia,Style,2024,Petrol,Automatic,20406,1548,18.5,3rd Owner,Ahmedabad,5,Fair,True,695000
Mercedes-Benz,E-Class,E 350d,2017,Diesel,Automatic,54297,1993,15.4,1st Owner,Vadodara,5,Excellent,True,2570000
Renault,Triber,LXL,2013,Petrol,Automatic,128667,949,17.8,3rd Owner,Hyderabad,7,Poor,False,120000
Toyota,Camry,2.5 Hybrid,2018,Hybrid,Automatic,61596,2487,19.8,3rd Owner,Chandigarh,5,Good,False,1265000
Audi,Q3,35 TDI Quattro,2016,Diesel,Automatic,108730,1934,17.2,3rd Owner,Lucknow,5,Good,True,880000
Mercedes-Benz,C-Class,C 220d,2018,Petrol,Automatic,102854,1943,17.5,4+ Owners,Jaipur,5,Excellent,True,1405000
Maruti Suzuki,Ertiga,ZXi,2015,Petrol,Automatic,137146,1412,21.8,4+ Owners,Ahmedabad,7,Excellent,False,160000
Renault,Kiger,RXT,2020,Petrol,Automatic,64103,949,19.1,3rd Owner,Jaipur,5,Fair,False,225000
Mahindra,Bolero,B6,2018,Diesel,Manual,75521,1443,15.4,1st Owner,Delhi,7,Poor,False,220000
Audi,A4,40 TFSI Premium,2013,Petrol,Automatic,157100,2034,17.8,2nd Owner,Delhi,5,Good,True,700000
Audi,A4,40 TFSI Technology,2018,Petrol,Automatic,50036,1984,17.3,2nd Owner,Vadodara,5,Poor,True,1120000
Toyota,Glanza,G,2021,CNG,Automatic,68550,1197,23.7,2nd Owner,Ahmedabad,5,Poor,False,255000
Toyota,Camry,2.5 Hybrid,2024,Hybrid,Automatic,28444,2487,20.6,2nd Owner,Pune,5,Fair,True,3070000
Hyundai,Grand i10 Nios,Magna,2015,Petrol,Manual,97339,1147,19.8,2nd Owner,Lucknow,5,Excellent,False,125000
Maruti Suzuki,Alto,VXi,2013,Petrol,Manual,166764,796,23.7,4+ Owners,Pune,5,Excellent,True,120000
Kia,Carens,Premium,2023,Diesel,Manual,28615,1497,16.4,3rd Owner,Surat,7,Fair,False,520000
Kia,Seltos,X-Line,2013,Diesel,Manual,101585,1547,17.7,4+ Owners,Vadodara,5,Good,True,350000
Skoda,Slavia,Style,2020,Petrol,Automatic,50293,1498,19.1,2nd Owner,Kolkata,5,Good,True,530000
Maruti Suzuki,Wagon R,LXi,2015,Petrol,Manual,139043,948,25.9,3rd Owner,Vadodara,5,Excellent,False,120000
Skoda,Slavia,Active,2015,Petrol,Automatic,114916,1448,18.0,3rd Owner,Chennai,5,Poor,True,350000
MG,Astor,Sharp,2016,Petrol,Automatic,107529,1448,15.0,3rd Owner,Lucknow,5,Fair,False,350000
BMW,3 Series,320d Luxury Line,2020,Diesel,Automatic,53216,1995,14.8,1st Owner,Pune,5,Good,False,2270000
Volkswagen,Polo,Trendline,2016,Petrol,Automatic,87152,949,17.1,1st Owner,Kochi,5,Excellent,True,205000
Kia,Carens,Premium,2021,Petrol,Manual,29808,1497,17.3,4+ Owners,Chandigarh,7,Poor,False,350000
Honda,WR-V,VX,2015,Petrol,Manual,73629,1448,16.1,3rd Owner,Hyderabad,5,Poor,True,125000
Audi,Q3,40 TFSI,2014,Diesel,Automatic,138866,1934,16.9,1st Owner,Mumbai,5,Good,True,880000
BMW,X1,sDrive20i,2023,Petrol,Automatic,32137,1995,15.6,2nd Owner,Mumbai,5,Good,True,2690000
Volkswagen,Virtus,Highline,2023,Petrol,Manual,22036,1498,17.2,2nd Owner,Surat,5,Good,True,705000
Hyundai,Alcazar,Signature,2020,Diesel,Automatic,46598,1443,18.4,1st Owner,Delhi,7,Excellent,False,810000
Tata,Punch,Pure,2014,Petrol,Automatic,100354,1249,20.7,4+ Owners,Hyderabad,5,Good,True,120000
Renault,Kwid,CLIMBER,2019,Petrol,Manual,99707,1049,21.0,3rd Owner,Kochi,5,Excellent,True,155000
Toyota,Innova Crysta,GX,2014,Diesel,Manual,154214,2393,14.0,3rd Owner,Lucknow,7,Excellent,False,350000
Tata,Altroz,XT,2019,Petrol,Manual,66212,1199,20.0,1st Owner,Kochi,5,Excellent,True,295000
Renault,Kiger,RXT,2015,Petrol,Manual,83261,999,18.0,3rd Owner,Hyderabad,5,Poor,False,120000
Skoda,Kushaq,Monte Carlo,2017,Petrol,Manual,58236,1448,19.1,2nd Owner,Mumbai,5,Good,False,350000
Kia,Seltos,HTX,2022,Petrol,Automatic,43231,1497,15.7,1st Owner,Kolkata,5,Excellent,False,785000
Renault,Kwid,CLIMBER,2016,Petrol,Manual,110800,1049,23.3,1st Owner,Pune,5,Fair,False,120000
Tata,Tiago,XE,2016,Electric,Automatic,65391,1149,18.9,3rd Owner,Ahmedabad,5,Poor,False,120000
Mercedes-Benz,E-Class,E 350d,2014,Diesel,Automatic,142518,1993,14.8,2nd Owner,Hyderabad,5,Fair,False,1095000
Tata,Harrier,Fearless,2019,Diesel,Manual,44027,1906,17.7,1st Owner,Mumbai,5,Good,True,715000
BMW,5 Series,520d Luxury Line,2014,Diesel,Automatic,123762,1995,16.4,1st Owner,Jaipur,5,Excellent,True,1430000
MG,Astor,Sharp,2014,Petrol,Manual,94879,1548,13.5,1st Owner,Hyderabad,5,Excellent,False,350000
Honda,City,VX,2024,Petrol,Automatic,11393,1498,17.4,3rd Owner,Kolkata,5,Fair,True,760000
Tata,Nexon,Pure,2013,Petrol,Automatic,118417,1249,18.5,3rd Owner,Kolkata,5,Poor,False,120000
Volkswagen,Virtus,Highline,2014,Petrol,Automatic,110390,1548,18.3,4+ Owners,Chennai,5,Poor,False,350000
Tata,Nexon,Creative,2022,Petrol,Manual,36838,1149,16.0,3rd Owner,Ahmedabad,5,Poor,False,275000
Mahindra,Bolero,B4,2014,Diesel,Manual,163820,1543,15.9,3rd Owner,Mumbai,7,Excellent,False,140000
Skoda,Octavia,Style,2024,Petrol,Automatic,22406,2034,17.3,1st Owner,Pune,5,Good,True,2270000
Renault,Kiger,RXE,2022,Petrol,Automatic,54554,999,19.5,1st Owner,Hyderabad,5,Poor,False,320000
Audi,A6,45 TFSI Technology,2022,Petrol,Automatic,53182,1934,13.0,4+ Owners,Chennai,5,Excellent,False,2630000
Toyota,Innova Crysta,GX,2015,Diesel,Automatic,98433,2393,15.8,3rd Owner,Chandigarh,7,Excellent,False,405000
Hyundai,Alcazar,Platinum,2015,Diesel,Manual,70252,1493,16.8,4+ Owners,Lucknow,7,Good,True,350000
Maruti Suzuki,Brezza,LXi,2023,CNG,Manual,42194,1412,19.4,4+ Owners,Bengaluru,5,Excellent,True,470000
Maruti Suzuki,Ciaz,Zeta,2023,Petrol,Manual,47402,1462,19.4,2nd Owner,Bengaluru,5,Excellent,False,580000
Mahindra,Bolero,B6(O),2024,Diesel,Manual,30732,1493,17.3,2nd Owner,Mumbai,7,Excellent,False,665000
Kia,Sonet,HTX,2020,Petrol,Manual,56800,1247,17.2,4+ Owners,Delhi,5,Excellent,True,270000
Volkswagen,Polo,Highline,2015,Petrol,Manual,151925,1049,19.5,4+ Owners,Vadodara,5,Excellent,False,120000
Mahindra,XUV700,MX,2017,Petrol,Automatic,72396,2184,13.8,4+ Owners,Jaipur,7,Good,True,360000
MG,Hector,Smart,2024,Diesel,Automatic,19046,2006,16.7,4+ Owners,Bengaluru,5,Fair,True,805000
Kia,Carens,Luxury,2022,Diesel,Automatic,59905,1547,15.8,4+ Owners,Mumbai,7,Fair,False,415000
Tata,Nexon,Fearless,2013,Petrol,Automatic,102085,1149,16.4,3rd Owner,Chandigarh,5,Good,False,120000
Skoda,Slavia,Active,2021,Petrol,Automatic,76350,1548,19.1,2nd Owner,Chandigarh,5,Excellent,False,545000
Toyota,Camry,2.5 Hybrid,2015,Hybrid,Automatic,138932,2487,19.5,1st Owner,Delhi,5,Fair,True,890000
Audi,A4,40 TFSI Premium,2018,Petrol,Automatic,99160,1934,16.5,4+ Owners,Mumbai,5,Fair,True,1010000
Maruti Suzuki,Ertiga,ZXi,2021,Petrol,Automatic,53589,1412,20.1,3rd Owner,Kochi,7,Fair,False,340000
Hyundai,Grand i10 Nios,Era,2019,CNG,Manual,64899,1197,19.3,4+ Owners,Ahmedabad,5,Excellent,False,170000
Volkswagen,Polo,Trendline,2021,Petrol,Automatic,79045,1049,16.8,1st Owner,Lucknow,5,Poor,False,260000
Tata,Nexon,Creative,2014,Diesel,Automatic,157806,1149,18.3,3rd Owner,Chandigarh,5,Good,False,130000
Toyota,Camry,2.5 Hybrid,2024,Hybrid,Automatic,26512,2487,18.7,3rd Owner,Surat,5,Excellent,False,2945000
Toyota,Glanza,E,2014,Petrol,Manual,104455,1247,23.1,3rd Owner,Hyderabad,5,Poor,True,120000
Hyundai,Venue,E,2019,Petrol,Manual,106146,1147,17.3,2nd Owner,Ahmedabad,5,Good,True,285000
Toyota,Glanza,G,2022,Petrol,Automatic,51941,1147,20.9,3rd Owner,Kochi,5,Good,False,350000
Renault,Triber,LXL,2013,Petrol,Automatic,158360,1049,20.1,4+ Owners,Ahmedabad,7,Poor,False,120000
Mercedes-Benz,E-Class,E 200,2015,Petrol,Automatic,125656,1993,15.0,4+ Owners,Pune,5,Excellent,False,1170000
Toyota,Glanza,S,2016,Petrol,Automatic,81403,1197,21.6,4+ Owners,Ahmedabad,5,Good,True,145000
Mahindra,Scorpio-N,Z2,2014,Diesel,Automatic,139970,2184,15.8,1st Owner,Surat,7,Poor,True,350000
Hyundai,i20,Sportz,2017,Petrol,Automatic,120972,1247,20.8,3rd Owner,Ahmedabad,5,Good,False,175000
Kia,Seltos,HTE,2014,Petrol,Automatic,89156,1497,18.2,3rd Owner,Jaipur,5,Poor,True,350000
Skoda,Slavia,Active,2020,Petrol,Automatic,82706,1448,19.6,2nd Owner,Chandigarh,5,Fair,False,430000
Maruti Suzuki,Ertiga,ZXi Plus,2015,CNG,Automatic,98531,1412,19.4,1st Owner,Bengaluru,7,Excellent,True,245000
Honda,Civic,VX,2016,Diesel,Automatic,127941,1749,16.4,3rd Owner,Lucknow,5,Good,False,380000
Skoda,Slavia,Ambition,2015,Petrol,Manual,158041,1498,18.1,3rd Owner,Mumbai,5,Excellent,False,350000
MG,Astor,Smart,2023,Petrol,Automatic,24382,1448,13.6,2nd Owner,Bengaluru,5,Poor,False,510000
Renault,Kiger,RXZ,2020,Petrol,Automatic,81615,949,18.3,3rd Owner,Vadodara,5,Good,False,240000
Honda,Civic,ZX,2015,Petrol,Automatic,125929,1849,16.6,1st Owner,Chandigarh,5,Poor,True,350000
Toyota,Glanza,S,2013,CNG,Manual,152146,1247,23.3,3rd Owner,Chandigarh,5,Good,False,120000
Toyota,Fortuner,2.7 4x2,2024,Petrol,Manual,28203,2755,14.1,3rd Owner,Jaipur,7,Excellent,False,2070000
Tata,Harrier,Adventure,2017,Diesel,Automatic,95614,1906,17.8,2nd Owner,Lucknow,5,Fair,True,420000
Renault,Kwid,CLIMBER,2024,Petrol,Manual,22449,1049,22.3,2nd Owner,Jaipur,5,Poor,False,245000
BMW,5 Series,530d M Sport,2022,Petrol,Automatic,45208,1995,17.6,2nd Owner,Lucknow,5,Poor,True,2555000
Volkswagen,Polo,Comfortline,2017,Petrol,Manual,56831,1049,19.7,4+ Owners,Surat,5,Fair,True,120000
Honda,Amaze,VX,2020,Petrol,Manual,57108,1149,20.0,4+ Owners,Mumbai,5,Poor,True,170000
Renault,Kwid,RXT,2021,Petrol,Manual,42127,949,20.6,1st Owner,Mumbai,5,Good,True,250000
Maruti Suzuki,Swift,LXi,2024,CNG,Automatic,28436,1147,20.9,1st Owner,Jaipur,5,Poor,False,360000
Skoda,Slavia,Ambition,2016,Petrol,Automatic,75951,1448,19.8,2nd Owner,Jaipur,5,Fair,False,350000
MG,Hector,Style,2020,Diesel,Automatic,48784,1956,15.2,3rd Owner,Lucknow,5,Excellent,True,580000
BMW,3 Series,330i M Sport,2019,Petrol,Automatic,85011,1995,17.5,4+ Owners,Kolkata,5,Excellent,False,1270000
BMW,3 Series,330i M Sport,2019,Diesel,Automatic,70314,1945,14.6,4+ Owners,Pune,5,Fair,True,1210000
BMW,3 Series,330i M Sport,2013,Diesel,Automatic,101945,2045,17.1,3rd Owner,Kochi,5,Poor,True,505000
Maruti Suzuki,Wagon R,ZXi,2016,CNG,Automatic,149134,998,25.4,4+ Owners,Jaipur,5,Poor,True,120000
Volkswagen,Virtus,Highline,2021,Petrol,Manual,73374,1548,19.1,4+ Owners,Kochi,5,Excellent,False,395000
Mercedes-Benz,GLC,GLC 300,2015,Diesel,Automatic,83416,1993,13.3,2nd Owner,Bengaluru,5,Excellent,True,1345000
BMW,5 Series,530d M Sport,2023,Petrol,Automatic,19679,1945,17.6,1st Owner,Kochi,5,Fair,True,4380000
Mercedes-Benz,E-Class,E 200,2018,Diesel,Automatic,112333,1993,14.4,1st Owner,Vadodara,5,Good,False,2335000
Renault,Kwid,RXT,2014,Petrol,Automatic,92659,949,21.8,2nd Owner,Bengaluru,5,Good,False,120000
Renault,Kwid,CLIMBER,2013,Petrol,Automatic,132892,949,23.0,3rd Owner,Vadodara,5,Fair,False,120000
Audi,A4,40 TFSI Technology,2019,Petrol,Automatic,56295,1984,17.4,1st Owner,Surat,5,Excellent,True,1945000
Kia,Seltos,HTX,2019,Diesel,Manual,93494,1447,18.0,3rd Owner,Lucknow,5,Poor,True,350000
Skoda,Octavia,L&K,2024,Petrol,Automatic,11371,1984,15.9,2nd Owner,Bengaluru,5,Fair,False,1710000
Tata,Safari,Smart,2019,Diesel,Manual,94295,1906,17.2,1st Owner,Delhi,7,Excellent,False,735000
Renault,Kwid,CLIMBER,2014,Petrol,Automatic,111554,949,22.7,1st Owner,Surat,5,Fair,True,120000
Audi,A6,45 TFSI Premium Plus,2022,Petrol,Automatic,23409,1984,12.8,4+ Owners,Chandigarh,5,Fair,True,2265000
Volkswagen,Taigun,Comfortline,2021,Petrol,Automatic,53724,1548,16.7,4+ Owners,Ahmedabad,5,Good,False,450000
Renault,Triber,RXT,2020,Petrol,Automatic,49090,949,20.4,2nd Owner,Kochi,7,Fair,True,245000
Mercedes-Benz,GLC,GLC 220d,2013,Diesel,Automatic,86177,1993,15.5,4+ Owners,Hyderabad,5,Good,True,790000
Toyota,Innova Crysta,ZX,2018,Diesel,Automatic,116644,2393,14.6,2nd Owner,Ahmedabad,7,Excellent,False,660000
Skoda,Kushaq,Active,2024,Petrol,Automatic,23325,1448,19.4,3rd Owner,Chennai,5,Good,False,820000
Mahindra,XUV700,AX7,2023,Diesel,Automatic,29627,2184,12.6,3rd Owner,Mumbai,7,Poor,False,680000
BMW,3 Series,330i M Sport,2018,Diesel,Automatic,91503,1995,17.5,2nd Owner,Hyderabad,5,Good,True,1510000
Skoda,Kushaq,Style,2014,Petrol,Automatic,129291,1548,19.4,1st Owner,Hyderabad,5,Excellent,True,350000
Volkswagen,Polo,GT TSI,2014,Petrol,Manual,137416,1049,19.5,4+ Owners,Mumbai,5,Good,True,120000
Kia,Carens,Luxury,2016,Diesel,Automatic,72522,1447,17.7,2nd Owner,Bengaluru,7,Poor,False,350000
Renault,Triber,RXE,2013,Petrol,Automatic,86096,999,17.8,2nd Owner,Lucknow,7,Good,False,120000
MG,Astor,Sharp,2023,Petrol,Manual,40159,1448,16.2,4+ Owners,Delhi,5,Poor,True,375000
Volkswagen,Polo,Trendline,2018,Petrol,Manual,75301,949,16.7,4+ Owners,Chennai,5,Good,False,155000
Maruti Suzuki,Dzire,LXi,2013,CNG,Automatic,101359,1147,23.9,3rd Owner,Delhi,5,Excellent,False,120000
Hyundai,i20,Asta,2022,Petrol,Automatic,46671,1197,20.9,3rd Owner,Bengaluru,5,Excellent,False,380000
Maruti Suzuki,Swift,ZXi Plus,2020,Petrol,Manual,78122,1247,21.0,4+ Owners,Surat,5,Poor,False,130000
Mercedes-Benz,GLC,GLC 220d,2020,Diesel,Automatic,56583,2043,15.7,3rd Owner,Chandigarh,5,Fair,True,1935000
Kia,Sonet,GTX+,2019,Petrol,Automatic,75756,1147,17.4,3rd Owner,Lucknow,5,Excellent,True,285000
Kia,Sonet,HTX,2015,Diesel,Manual,115245,1197,18.5,2nd Owner,Chandigarh,5,Excellent,True,175000
Renault,Kiger,RXE,2016,Petrol,Automatic,111790,949,17.6,1st Owner,Chandigarh,5,Excellent,False,200000
Maruti Suzuki,Wagon R,LXi,2013,CNG,Automatic,125968,948,26.4,1st Owner,Delhi,5,Poor,False,120000
Mercedes-Benz,C-Class,C 300d,2013,Diesel,Automatic,176700,2043,17.1,4+ Owners,Pune,5,Good,True,600000
BMW,X1,sDrive20i,2017,Petrol,Automatic,60623,1945,16.1,2nd Owner,Kochi,5,Excellent,True,1250000
Mahindra,Bolero,B4,2014,Diesel,Manual,159496,1543,16.3,1st Owner,Kolkata,7,Excellent,True,190000
Audi,A4,40 TFSI Premium,2024,Petrol,Automatic,21262,2034,18.8,1st Owner,Vadodara,5,Good,True,3770000
Skoda,Slavia,Style,2022,Petrol,Manual,45535,1498,17.3,1st Owner,Jaipur,5,Poor,True,510000
Mahindra,Bolero,B6(O),2014,Diesel,Manual,163227,1543,16.6,4+ Owners,Jaipur,7,Excellent,True,130000
Mercedes-Benz,E-Class,E 220d,2020,Petrol,Automatic,91971,2043,16.3,4+ Owners,Bengaluru,5,Fair,False,1980000
Toyota,Fortuner,2.7 4x2,2021,Petrol,Manual,67717,2755,12.7,2nd Owner,Jaipur,7,Good,False,1470000
MG,Hector,Shine,2023,Petrol,Manual,27836,1956,15.1,3rd Owner,Vadodara,5,Good,True,850000
Audi,Q3,35 TDI Quattro,2014,Diesel,Automatic,106747,2034,14.7,1st Owner,Bengaluru,5,Excellent,True,985000
Toyota,Innova Crysta,GX,2015,Diesel,Automatic,157633,2393,16.2,2nd Owner,Surat,7,Excellent,True,420000
Honda,City,V,2021,Petrol,Automatic,54250,1498,17.1,2nd Owner,Mumbai,5,Excellent,False,630000
Renault,Kwid,CLIMBER,2020,Petrol,Automatic,72680,1049,22.1,2nd Owner,Kochi,5,Excellent,True,220000
Renault,Kwid,CLIMBER,2023,Petrol,Automatic,34868,1049,20.6,2nd Owner,Chandigarh,5,Good,True,330000
Maruti Suzuki,Ertiga,VXi,2024,CNG,Manual,27104,1412,19.5,1st Owner,Kochi,7,Good,True,745000
Maruti Suzuki,Ciaz,Sigma,2018,Petrol,Automatic,105187,1462,21.4,1st Owner,Ahmedabad,5,Good,False,330000
Hyundai,Grand i10 Nios,Asta,2018,CNG,Manual,88437,1197,20.1,1st Owner,Kolkata,5,Poor,False,150000
MG,Astor,Super,2024,Petrol,Automatic,19403,1498,15.2,4+ Owners,Bengaluru,5,Poor,True,440000
Tata,Safari,Pure,2019,Diesel,Manual,74293,1956,15.4,4+ Owners,Vadodara,7,Good,False,490000
Skoda,Octavia,L&K,2017,Petrol,Automatic,134296,2034,17.0,1st Owner,Jaipur,5,Poor,True,615000
Kia,Seltos,HTK,2024,Diesel,Manual,24779,1447,16.1,3rd Owner,Kochi,5,Good,True,765000
Toyota,Camry,2.5 Hybrid,2018,Hybrid,Automatic,117544,2487,18.3,3rd Owner,Hyderabad,5,Excellent,True,1235000
BMW,5 Series,530d M Sport,2019,Petrol,Automatic,74683,1995,18.2,4+ Owners,Surat,5,Fair,False,1510000
Volkswagen,Taigun,Topline,2024,Petrol,Manual,23742,1498,17.4,4+ Owners,Lucknow,5,Fair,False,560000
BMW,X1,sDrive20i,2014,Diesel,Automatic,125188,1945,15.3,3rd Owner,Pune,5,Excellent,True,705000
Audi,Q3,40 TFSI,2021,Petrol,Automatic,47723,2034,14.7,3rd Owner,Chandigarh,5,Poor,False,1265000
Volkswagen,Virtus,Comfortline,2016,Petrol,Automatic,103479,1448,18.2,1st Owner,Chennai,5,Good,False,350000
Audi,A6,45 TFSI Premium Plus,2023,Petrol,Automatic,28759,1984,15.0,3rd Owner,Kochi,5,Fair,False,2880000
Mercedes-Benz,C-Class,C 200,2022,Diesel,Automatic,53710,1943,18.3,1st Owner,Mumbai,5,Excellent,False,3585000
Audi,A6,45 TFSI Premium Plus,2015,Petrol,Automatic,137379,1984,12.9,3rd Owner,Pune,5,Good,True,1080000
MG,Astor,Super,2019,Petrol,Automatic,76785,1448,13.6,2nd Owner,Vadodara,5,Good,True,405000
Kia,Sonet,HTK,2016,Diesel,Automatic,132373,1247,18.2,3rd Owner,Ahmedabad,5,Good,True,170000
Hyundai,Verna,EX,2023,Petrol,Automatic,28691,1547,17.3,3rd Owner,Pune,5,Excellent,True,650000
Tata,Safari,Pure,2024,Diesel,Manual,21182,1956,16.2,2nd Owner,Delhi,7,Poor,True,940000
Honda,City,V,2019,Petrol,Automatic,57432,1448,16.7,4+ Owners,Chandigarh,5,Fair,False,350000
Skoda,Kushaq,Ambition,2024,Petrol,Manual,27912,1498,16.8,3rd Owner,Chandigarh,5,Fair,True,690000
Tata,Punch,Adventure,2023,CNG,Manual,31897,1249,20.3,1st Owner,Chennai,5,Fair,False,390000
Audi,A4,40 TFSI Technology,2016,Petrol,Automatic,132333,1934,17.4,1st Owner,Kolkata,5,Poor,True,905000
Skoda,Kushaq,Active,2021,Petrol,Automatic,68759,1548,18.8,2nd Owner,Ahmedabad,5,Excellent,True,590000
Hyundai,i20,Asta(O),2014,Petrol,Manual,105420,1197,20.8,4+ Owners,Surat,5,Fair,False,120000
Volkswagen,Virtus,Topline,2020,Petrol,Manual,49705,1448,20.0,2nd Owner,Bengaluru,5,Good,True,485000
Mercedes-Benz,GLC,GLC 300,2017,Petrol,Automatic,75759,1943,15.4,3rd Owner,Ahmedabad,5,Excellent,False,1500000
Renault,Triber,LXL,2018,Petrol,Automatic,83588,949,17.7,1st Owner,Jaipur,7,Excellent,False,245000
Mercedes-Benz,E-Class,E 200,2014,Petrol,Automatic,168625,1943,16.1,3rd Owner,Kochi,5,Excellent,False,1045000
MG,Hector,Shine,2019,Petrol,Automatic,52907,1956,16.3,2nd Owner,Chandigarh,5,Poor,False,400000
Mahindra,Scorpio-N,Z8,2013,Diesel,Automatic,128738,2184,15.4,1st Owner,Pune,7,Excellent,False,350000
Toyota,Fortuner,2.7 4x2,2022,Diesel,Automatic,52514,2755,12.8,1st Owner,Chandigarh,7,Poor,True,1600000
Volkswagen,Polo,GT TSI,2018,Petrol,Manual,106544,949,16.8,2nd Owner,Ahmedabad,5,Good,True,185000
Audi,Q3,40 TFSI,2014,Petrol,Automatic,102461,1934,17.1,2nd Owner,Kochi,5,Poor,False,555000
Renault,Kiger,RXT,2019,Petrol,Automatic,63939,949,18.9,4+ Owners,Hyderabad,5,Excellent,True,205000
MG,Astor,Style,2020,Petrol,Automatic,92431,1498,14.0,2nd Owner,Vadodara,5,Fair,True,375000
Hyundai,Alcazar,Platinum,2018,Diesel,Manual,56436,1543,18.8,3rd Owner,Bengaluru,7,Good,True,435000
Tata,Nexon,Smart,2018,Petrol,Automatic,113931,1199,18.9,4+ Owners,Kochi,5,Fair,False,170000
Maruti Suzuki,Swift,VXi,2019,CNG,Automatic,78177,1247,22.8,4+ Owners,Kolkata,5,Poor,False,130000
Renault,Triber,RXT,2014,Petrol,Manual,149510,999,19.6,1st Owner,Chennai,7,Fair,True,120000
Honda,WR-V,VX,2024,Petrol,Manual,15142,1548,18.2,3rd Owner,Chandigarh,5,Poor,True,425000
Volkswagen,Virtus,Comfortline,2023,Petrol,Manual,36333,1498,17.7,3rd Owner,Chandigarh,5,Poor,True,450000
Mahindra,Thar,AX(O),2021,Petrol,Automatic,63256,2184,15.0,2nd Owner,Delhi,4,Fair,False,585000
Renault,Kiger,RXZ,2018,Petrol,Automatic,87702,1049,18.9,3rd Owner,Pune,5,Fair,False,175000
Toyota,Glanza,E,2017,Petrol,Automatic,90035,1247,23.6,3rd Owner,Chennai,5,Poor,False,125000
Toyota,Camry,2.5 Hybrid,2013,Hybrid,Automatic,122596,2487,19.4,4+ Owners,Bengaluru,5,Poor,True,430000
MG,Astor,Style,2016,Petrol,Manual,64599,1448,13.5,2nd Owner,Delhi,5,Poor,True,350000
Toyota,Glanza,S,2017,CNG,Automatic,107387,1247,21.2,2nd Owner,Mumbai,5,Good,True,190000
Toyota,Camry,2.5 Hybrid,2019,Hybrid,Automatic,64514,2487,20.1,2nd Owner,Surat,5,Fair,True,1430000
Hyundai,i20,Asta(O),2018,Petrol,Automatic,119720,1147,19.8,3rd Owner,Vadodara,5,Poor,True,150000
Kia,Seltos,X-Line,2022,Petrol,Manual,43014,1547,16.4,3rd Owner,Surat,5,Fair,False,475000
Hyundai,Creta,EX,2021,Diesel,Manual,47624,1447,15.9,4+ Owners,Bengaluru,5,Good,True,430000
Honda,WR-V,VX,2017,Petrol,Manual,113355,1548,16.3,3rd Owner,Hyderabad,5,Poor,False,140000
BMW,X1,sDrive20i,2021,Petrol,Automatic,54012,2045,17.4,4+ Owners,Kochi,5,Excellent,True,1695000
MG,Hector,Sharp Pro,2020,Diesel,Manual,82103,1906,17.3,3rd Owner,Hyderabad,5,Fair,True,440000
Skoda,Kushaq,Active,2015,Petrol,Automatic,144479,1498,16.9,3rd Owner,Surat,5,Good,True,350000
Skoda,Slavia,Style,2016,Petrol,Manual,60862,1498,18.2,1st Owner,Hyderabad,5,Good,True,350000
Honda,Amaze,S,2019,Petrol,Automatic,47775,1249,19.8,4+ Owners,Pune,5,Excellent,False,225000
Tata,Safari,Adventure,2018,Diesel,Manual,71298,2006,15.9,1st Owner,Delhi,7,Good,True,645000
Skoda,Kushaq,Monte Carlo,2015,Petrol,Manual,105498,1548,19.2,2nd Owner,Mumbai,5,Good,False,350000
Mercedes-Benz,GLC,GLC 220d,2014,Diesel,Automatic,102293,1993,13.4,3rd Owner,Mumbai,5,Poor,False,740000
Toyota,Camry,2.5 Hybrid,2020,Hybrid,Automatic,64383,2487,17.9,2nd Owner,Chennai,5,Excellent,False,1905000
Skoda,Slavia,Style,2020,Petrol,Automatic,52142,1548,19.6,1st Owner,Bengaluru,5,Good,False,560000
Mercedes-Benz,GLC,GLC 300,2019,Diesel,Automatic,75519,2043,15.4,2nd Owner,Kolkata,5,Good,True,2230000
Mercedes-Benz,C-Class,C 220d,2014,Petrol,Automatic,85668,1943,17.0,1st Owner,Hyderabad,5,Fair,False,1025000
BMW,X1,sDrive20d,2023,Petrol,Automatic,24371,1995,16.9,2nd Owner,Chandigarh,5,Good,False,2485000
Renault,Kiger,RXT,2024,Petrol,Manual,20222,999,17.9,2nd Owner,Bengaluru,5,Poor,False,350000
Honda,Amaze,VX,2020,Petrol,Manual,40015,1199,17.5,1st Owner,Ahmedabad,5,Good,False,330000
MG,Astor,Sharp,2016,Petrol,Manual,147603,1448,16.2,3rd Owner,Chennai,5,Poor,True,350000
Audi,Q3,40 TFSI,2021,Diesel,Automatic,55807,1934,16.7,1st Owner,Lucknow,5,Fair,False,2030000
MG,Astor,Style,2022,Petrol,Manual,57512,1498,15.2,2nd Owner,Ahmedabad,5,Poor,True,390000
Renault,Kiger,RXT,2019,Petrol,Automatic,66621,999,19.0,2nd Owner,Bengaluru,5,Fair,True,220000
Hyundai,Venue,S+,2021,Petrol,Manual,37415,1247,17.1,2nd Owner,Bengaluru,5,Fair,True,335000
Audi,A6,45 TFSI Premium Plus,2013,Petrol,Automatic,147852,1934,13.9,4+ Owners,Vadodara,5,Good,False,680000
Renault,Kiger,RXT,2023,Petrol,Manual,41383,949,18.6,3rd Owner,Chandigarh,5,Excellent,False,360000
Honda,City,V,2023,Petrol,Manual,36154,1448,18.4,2nd Owner,Delhi,5,Excellent,True,815000
Hyundai,i20,Magna,2018,Petrol,Manual,101635,1147,21.5,4+ Owners,Jaipur,5,Poor,False,120000
Maruti Suzuki,Baleno,Sigma,2021,CNG,Automatic,70968,1197,22.3,3rd Owner,Kochi,5,Good,True,285000
Kia,Seltos,X-Line,2021,Diesel,Automatic,76831,1447,18.0,3rd Owner,Kochi,5,Poor,False,355000
Audi,A6,45 TFSI Technology,2024,Petrol,Automatic,15802,1984,14.6,1st Owner,Chandigarh,5,Good,False,5140000
Tata,Nexon,Pure,2015,Petrol,Automatic,74262,1199,16.4,3rd Owner,Jaipur,5,Good,True,170000
Volkswagen,Polo,Trendline,2014,Petrol,Automatic,104812,1049,18.5,3rd Owner,Chandigarh,5,Excellent,True,120000
Honda,City,ZX,2021,Petrol,Manual,51042,1498,17.5,2nd Owner,Surat,5,Excellent,True,570000
Honda,Amaze,VX,2018,Petrol,Automatic,70290,1149,18.1,1st Owner,Pune,5,Good,False,255000
Skoda,Slavia,Style,2024,Petrol,Automatic,20149,1548,17.5,1st Owner,Mumbai,5,Poor,False,705000
Kia,Seltos,GTX+,2019,Petrol,Manual,61723,1547,17.3,4+ Owners,Vadodara,5,Good,True,350000
Kia,Carens,Premium,2021,Diesel,Manual,77019,1447,16.2,1st Owner,Hyderabad,7,Poor,False,425000
Hyundai,Creta,E,2016,Petrol,Manual,92646,1547,17.1,1st Owner,Vadodara,5,Good,False,350000
Volkswagen,Polo,Trendline,2021,Petrol,Automatic,34272,999,18.2,1st Owner,Vadodara,5,Excellent,False,395000
BMW,5 Series,520d Luxury Line,2013,Petrol,Automatic,127905,2045,16.3,4+ Owners,Ahmedabad,5,Excellent,False,825000
BMW,3 Series,330i M Sport,2022,Diesel,Automatic,60353,1995,16.6,2nd Owner,Surat,5,Excellent,True,2780000
Kia,Sonet,GTX+,2021,Diesel,Manual,56533,1147,17.9,2nd Owner,Chennai,5,Good,False,355000
Renault,Triber,RXZ,2023,Petrol,Automatic,30876,1049,20.1,1st Owner,Kolkata,7,Fair,False,400000
Renault,Triber,RXZ,2022,Petrol,Manual,55189,999,17.6,1st Owner,Jaipur,7,Poor,False,280000
Volkswagen,Taigun,Topline,2023,Petrol,Automatic,28787,1548,16.9,3rd Owner,Delhi,5,Poor,False,495000
Audi,A6,45 TFSI Technology,2016,Petrol,Automatic,123189,2034,14.2,3rd Owner,Chennai,5,Fair,True,1150000
Tata,Tiago,XZ+,2013,CNG,Manual,99695,1149,19.7,4+ Owners,Mumbai,5,Poor,False,120000
Renault,Kwid,RXT,2021,Petrol,Automatic,73934,999,22.1,2nd Owner,Mumbai,5,Good,True,230000
Toyota,Innova Crysta,ZX,2022,Diesel,Automatic,32639,2393,14.8,2nd Owner,Mumbai,7,Good,False,1160000
Maruti Suzuki,Swift,LXi,2016,Petrol,Automatic,126557,1147,22.6,3rd Owner,Vadodara,5,Good,True,140000
Mahindra,XUV300,W8,2014,Diesel,Manual,163029,1547,21.0,3rd Owner,Ahmedabad,5,Poor,True,120000
Volkswagen,Polo,Trendline,2023,Petrol,Automatic,28752,1049,19.1,1st Owner,Delhi,5,Good,False,470000
BMW,3 Series,320d Luxury Line,2016,Diesel,Automatic,109769,1945,16.4,1st Owner,Ahmedabad,5,Poor,False,915000
Kia,Carens,Luxury Plus,2018,Petrol,Automatic,55246,1447,17.4,2nd Owner,Delhi,7,Fair,False,350000
Kia,Sonet,HTK,2018,Diesel,Manual,71106,1147,18.7,3rd Owner,Hyderabad,5,Good,False,215000
Maruti Suzuki,Ertiga,ZXi Plus,2017,CNG,Automatic,103623,1462,21.1,3rd Owner,Pune,7,Good,False,220000
Hyundai,i20,Sportz,2018,Petrol,Automatic,56967,1197,19.8,3rd Owner,Hyderabad,5,Excellent,True,240000
Audi,Q3,35 TDI Quattro,2013,Petrol,Automatic,104224,1934,17.1,1st Owner,Surat,5,Poor,True,600000
MG,Hector,Sharp Pro,2020,Petrol,Automatic,67392,2006,15.9,2nd Owner,Chandigarh,5,Fair,False,555000
Mahindra,Bolero,B6,2015,Diesel,Manual,98363,1443,16.6,3rd Owner,Delhi,7,Poor,True,130000
Mahindra,XUV300,W8,2022,Petrol,Automatic,25256,1497,21.2,1st Owner,Pune,5,Fair,True,490000
Volkswagen,Taigun,Topline,2020,Petrol,Automatic,58956,1448,17.2,3rd Owner,Delhi,5,Poor,True,350000
Toyota,Camry,2.5 Hybrid,2017,Hybrid,Automatic,60861,2487,18.3,1st Owner,Hyderabad,5,Good,True,1495000
Kia,Seltos,HTE,2024,Petrol,Manual,28061,1497,18.3,4+ Owners,Jaipur,5,Good,True,640000
Tata,Safari,Accomplished,2016,Diesel,Automatic,130243,1956,16.9,3rd Owner,Bengaluru,7,Excellent,False,390000
Kia,Sonet,HTK,2018,Petrol,Automatic,111907,1147,18.4,1st Owner,Pune,5,Poor,False,200000
Toyota,Camry,2.5 Hybrid,2014,Hybrid,Automatic,145147,2487,19.4,4+ Owners,Chandigarh,5,Excellent,False,605000
Audi,A6,45 TFSI Premium Plus,2022,Petrol,Automatic,52472,1984,12.8,1st Owner,Surat,5,Excellent,True,3855000
Renault,Kiger,RXT,2020,Petrol,Manual,88057,1049,19.7,2nd Owner,Delhi,5,Excellent,False,275000
Toyota,Glanza,S,2023,CNG,Automatic,36042,1247,21.7,4+ Owners,Chandigarh,5,Fair,False,300000
Mahindra,XUV300,W8,2023,Diesel,Manual,41297,1547,18.7,2nd Owner,Delhi,5,Poor,False,370000
Renault,Kiger,RXZ,2023,Petrol,Manual,37370,1049,18.2,4+ Owners,Delhi,5,Poor,True,250000
Mercedes-Benz,GLC,GLC 300,2017,Diesel,Automatic,92580,1993,14.7,2nd Owner,Jaipur,5,Poor,True,1185000
BMW,3 Series,320d Sport,2013,Petrol,Automatic,175308,1945,16.9,2nd Owner,Chandigarh,5,Poor,True,500000
Mahindra,Bolero,B4,2013,Diesel,Manual,176502,1543,14.6,3rd Owner,Bengaluru,7,Poor,False,120000
Honda,WR-V,SV,2023,Diesel,Manual,37033,1548,17.0,2nd Owner,Vadodara,5,Poor,True,405000
Hyundai,Creta,SX(O),2016,Petrol,Manual,105456,1447,17.9,4+ Owners,Chennai,5,Good,False,350000
Honda,Civic,V,2022,Petrol,Automatic,56715,1849,17.2,1st Owner,Chennai,5,Fair,True,1040000
Toyota,Innova Crysta,ZX,2020,Diesel,Automatic,44469,2393,16.4,4+ Owners,Hyderabad,7,Poor,False,470000
Volkswagen,Virtus,Highline,2024,Petrol,Automatic,19462,1498,17.8,1st Owner,Surat,5,Excellent,False,1030000
Audi,A6,45 TFSI Premium Plus,2018,Petrol,Automatic,77688,2034,13.6,4+ Owners,Lucknow,5,Poor,True,1120000
Renault,Kwid,CLIMBER,2018,Petrol,Manual,98538,949,21.7,1st Owner,Vadodara,5,Good,True,160000
Tata,Safari,Smart,2015,Diesel,Automatic,135941,1956,17.5,3rd Owner,Bengaluru,7,Excellent,False,350000
Toyota,Fortuner,Legender,2014,Petrol,Manual,164089,2755,14.6,2nd Owner,Pune,7,Fair,False,480000
Maruti Suzuki,Wagon R,LXi,2013,Petrol,Manual,110855,948,23.7,2nd Owner,Kolkata,5,Poor,True,120000
Audi,Q3,35 TDI Quattro,2017,Diesel,Automatic,118735,2034,16.6,2nd Owner,Chandigarh,5,Fair,True,1045000
Renault,Triber,RXE,2019,Petrol,Automatic,67885,1049,18.0,3rd Owner,Chandigarh,7,Poor,False,160000
Mercedes-Benz,E-Class,E 220d,2024,Petrol,Automatic,33049,1943,16.0,1st Owner,Kolkata,5,Fair,True,4950000
Kia,Carens,Premium,2014,Diesel,Automatic,78227,1497,17.8,1st Owner,Jaipur,7,Poor,True,350000
Volkswagen,Polo,Highline,2021,Petrol,Manual,50195,999,19.0,4+ Owners,Mumbai,5,Fair,True,200000
Maruti Suzuki,Swift,LXi,2018,Petrol,Automatic,50084,1247,21.2,2nd Owner,Pune,5,Fair,True,195000
Toyota,Fortuner,2.8 4x2 AT,2016,Petrol,Manual,121716,2755,14.1,1st Owner,Chennai,7,Fair,True,715000
BMW,X1,sDrive20i,2024,Diesel,Automatic,17662,1995,15.9,2nd Owner,Lucknow,5,Excellent,True,3280000
BMW,X1,sDrive20i,2014,Petrol,Automatic,131380,1995,14.9,4+ Owners,Bengaluru,5,Poor,False,420000
Renault,Triber,LXL,2015,Petrol,Automatic,84206,999,19.9,2nd Owner,Chennai,7,Excellent,False,150000
BMW,X1,sDrive20d,2015,Diesel,Automatic,90179,2045,15.0,2nd Owner,Chennai,5,Poor,False,600000
Kia,Seltos,HTE,2020,Petrol,Manual,92231,1497,17.6,2nd Owner,Mumbai,5,Good,True,445000
Mahindra,XUV700,AX7,2019,Petrol,Manual,82548,2184,13.7,1st Owner,Mumbai,7,Fair,False,525000
Mahindra,Thar,AX(O),2014,Diesel,Manual,100308,2184,16.6,1st Owner,Mumbai,4,Poor,True,350000
Hyundai,i20,Magna,2023,Petrol,Manual,23407,1147,19.5,4+ Owners,Chandigarh,5,Excellent,False,375000
MG,Astor,Sharp,2015,Petrol,Manual,70647,1498,15.9,3rd Owner,Surat,5,Poor,True,350000
Hyundai,Grand i10 Nios,Magna,2021,Petrol,Automatic,33966,1197,20.1,4+ Owners,Mumbai,5,Good,True,240000
Toyota,Innova Crysta,GX,2018,Diesel,Manual,96324,2393,14.0,2nd Owner,Hyderabad,7,Fair,True,510000
BMW,X1,sDrive20d,2022,Diesel,Automatic,57005,1945,15.9,1st Owner,Hyderabad,5,Good,False,2525000
Mahindra,Scorpio-N,Z2,2016,Petrol,Automatic,124292,2184,15.0,3rd Owner,Surat,7,Excellent,True,350000
Mahindra,Scorpio-N,Z8L,2021,Diesel,Manual,57922,2184,13.4,1st Owner,Chandigarh,7,Excellent,False,820000
Skoda,Octavia,Style,2015,Petrol,Automatic,122237,1984,15.1,4+ Owners,Kochi,5,Poor,True,350000
Kia,Seltos,HTE,2021,Diesel,Automatic,67610,1447,17.0,2nd Owner,Kolkata,5,Excellent,True,625000
Volkswagen,Taigun,Highline,2014,Petrol,Automatic,77392,1498,18.0,2nd Owner,Ahmedabad,5,Good,True,350000
Honda,WR-V,VX,2021,Diesel,Manual,63425,1548,16.5,2nd Owner,Chandigarh,5,Poor,False,275000
Tata,Punch,Pure,2015,Petrol,Manual,105970,1249,21.3,2nd Owner,Lucknow,5,Excellent,False,140000
Maruti Suzuki,Dzire,VXi,2013,Petrol,Manual,86848,1247,23.7,3rd Owner,Surat,5,Poor,False,120000
Hyundai,Grand i10 Nios,Era,2013,Petrol,Manual,129641,1197,21.6,1st Owner,Chandigarh,5,Excellent,False,120000
BMW,X1,sDrive20d,2016,Petrol,Automatic,96503,2045,17.3,4+ Owners,Surat,5,Excellent,False,745000
Mercedes-Benz,GLC,GLC 300,2017,Petrol,Automatic,125003,1993,13.9,1st Owner,Mumbai,5,Fair,True,1585000
Hyundai,Creta,EX,2020,Petrol,Manual,84845,1497,15.6,3rd Owner,Surat,5,Fair,False,350000
Mercedes-Benz,GLC,GLC 300,2015,Petrol,Automatic,109013,1943,14.3,3rd Owner,Kochi,5,Good,False,1085000
Maruti Suzuki,Grand Vitara,Zeta,2019,Hybrid,Automatic,75972,1490,27.7,1st Owner,Delhi,5,Excellent,True,525000
MG,Hector,Shine,2024,Petrol,Manual,16159,2006,15.6,3rd Owner,Mumbai,5,Good,False,870000
Skoda,Kushaq,Active,2020,Petrol,Automatic,53022,1448,18.8,3rd Owner,Vadodara,5,Good,False,445000
Honda,WR-V,VX,2013,Petrol,Manual,95176,1548,16.3,2nd Owner,Jaipur,5,Fair,True,125000
MG,Astor,Style,2023,Petrol,Automatic,31297,1498,15.3,4+ Owners,Delhi,5,Excellent,True,565000
Tata,Punch,Pure,2017,CNG,Automatic,54346,1149,18.9,2nd Owner,Jaipur,5,Good,False,180000
Hyundai,Alcazar,Signature,2015,Petrol,Manual,140113,1493,16.9,1st Owner,Vadodara,7,Fair,False,350000
BMW,5 Series,530d M Sport,2018,Petrol,Automatic,91151,2045,16.0,3rd Owner,Vadodara,5,Good,True,1880000
Kia,Seltos,HTX,2019,Petrol,Manual,53555,1447,15.5,4+ Owners,Surat,5,Good,False,350000
Tata,Harrier,Pure,2018,Diesel,Manual,115090,2006,15.8,3rd Owner,Kochi,5,Excellent,True,470000
MG,Hector,Sharp Pro,2020,Petrol,Automatic,79465,1956,17.1,4+ Owners,Bengaluru,5,Good,False,495000
Renault,Triber,RXZ,2021,Petrol,Automatic,57789,999,20.0,2nd Owner,Chandigarh,7,Excellent,True,335000
Maruti Suzuki,Alto,Std,2021,CNG,Manual,53070,746,23.9,3rd Owner,Kochi,5,Good,False,140000
BMW,5 Series,530d M Sport,2021,Petrol,Automatic,39773,1995,18.3,4+ Owners,Lucknow,5,Fair,False,2000000
Toyota,Innova Crysta,GX,2019,Diesel,Automatic,50107,2393,13.9,4+ Owners,Kochi,7,Good,True,605000
Volkswagen,Virtus,Comfortline,2023,Petrol,Manual,32767,1498,19.1,3rd Owner,Jaipur,5,Good,True,640000
Toyota,Camry,2.5 Hybrid,2019,Hybrid,Automatic,45783,2487,20.1,1st Owner,Mumbai,5,Good,True,1895000
Mahindra,Scorpio-N,Z4,2023,Diesel,Manual,27214,2184,15.6,1st Owner,Surat,7,Poor,True,745000
BMW,X1,sDrive20i,2013,Petrol,Automatic,105949,2045,17.0,4+ Owners,Mumbai,5,Excellent,True,530000
BMW,3 Series,320d Luxury Line,2022,Diesel,Automatic,26717,1995,14.7,1st Owner,Hyderabad,5,Fair,False,2680000
Honda,City,ZX,2020,Petrol,Automatic,73534,1548,16.6,4+ Owners,Bengaluru,5,Fair,True,365000
Toyota,Fortuner,2.8 4x4 AT,2023,Diesel,Automatic,32076,2755,14.6,1st Owner,Hyderabad,7,Poor,False,1725000
Skoda,Slavia,Style,2014,Petrol,Automatic,109382,1548,19.6,4+ Owners,Jaipur,5,Excellent,False,350000
Volkswagen,Polo,Trendline,2024,Petrol,Automatic,18475,949,18.0,1st Owner,Kochi,5,Poor,True,400000
Honda,Civic,VX,2020,Diesel,Automatic,87881,1799,16.0,2nd Owner,Mumbai,5,Poor,False,525000
Hyundai,Creta,EX,2017,Petrol,Automatic,109512,1547,15.4,2nd Owner,Vadodara,5,Fair,False,350000
Mercedes-Benz,C-Class,C 220d,2019,Petrol,Automatic,58338,2043,15.5,4+ Owners,Chandigarh,5,Poor,False,1140000
Toyota,Camry,2.5 Hybrid,2013,Hybrid,Automatic,151019,2487,18.9,1st Owner,Hyderabad,5,Fair,True,670000
Maruti Suzuki,Baleno,Alpha,2017,Petrol,Automatic,60791,1197,24.2,2nd Owner,Hyderabad,5,Fair,True,190000
Audi,Q3,40 TFSI,2015,Diesel,Automatic,91090,1934,16.0,3rd Owner,Jaipur,5,Fair,True,690000
Maruti Suzuki,Ertiga,LXi,2024,CNG,Manual,13689,1412,19.1,1st Owner,Pune,7,Excellent,False,765000
Mahindra,Bolero,B6,2024,Diesel,Manual,19816,1543,17.1,3rd Owner,Hyderabad,7,Fair,True,500000
Mahindra,Thar,AX(O),2017,Diesel,Automatic,90815,2184,15.2,4+ Owners,Lucknow,4,Excellent,False,350000
Skoda,Kushaq,Style,2024,Petrol,Manual,27141,1498,19.1,3rd Owner,Kochi,5,Excellent,True,770000
Mahindra,Bolero,B6,2021,Diesel,Manual,59928,1443,15.6,1st Owner,Kochi,7,Poor,True,350000
Kia,Seltos,HTK,2017,Diesel,Automatic,109112,1497,17.8,4+ Owners,Bengaluru,5,Excellent,False,350000
Hyundai,Creta,SX,2016,Petrol,Automatic,81995,1497,17.7,4+ Owners,Jaipur,5,Good,False,350000
Maruti Suzuki,Dzire,LXi,2020,CNG,Automatic,63118,1147,24.9,4+ Owners,Chennai,5,Excellent,False,230000
Mahindra,XUV300,W6,2019,Petrol,Manual,63254,1497,20.8,4+ Owners,Vadodara,5,Poor,True,175000
Tata,Altroz,XZ+,2017,Petrol,Automatic,118447,1199,18.2,4+ Owners,Vadodara,5,Poor,True,120000
Hyundai,Alcazar,Prestige,2018,Petrol,Automatic,113209,1543,17.0,2nd Owner,Hyderabad,7,Poor,False,360000
Kia,Carens,Premium,2017,Diesel,Manual,76943,1547,16.0,3rd Owner,Kochi,7,Good,False,350000
Mercedes-Benz,C-Class,C 300d,2021,Petrol,Automatic,49235,2043,15.7,3rd Owner,Chandigarh,5,Poor,False,1725000
Mercedes-Benz,C-Class,C 200,2016,Diesel,Automatic,130706,2043,16.8,4+ Owners,Kolkata,5,Fair,False,800000
Kia,Seltos,X-Line,2024,Petrol,Manual,29520,1447,18.0,4+ Owners,Hyderabad,5,Poor,True,470000
Honda,Amaze,E,2024,Petrol,Manual,20723,1149,17.4,1st Owner,Lucknow,5,Poor,False,410000
Volkswagen,Taigun,Comfortline,2020,Petrol,Automatic,49095,1498,16.8,3rd Owner,Delhi,5,Fair,False,420000
Kia,Carens,Prestige,2013,Diesel,Manual,103008,1547,15.0,2nd Owner,Bengaluru,7,Excellent,True,350000
Renault,Kiger,RXE,2014,Petrol,Manual,150545,999,20.1,1st Owner,Ahmedabad,5,Excellent,True,135000
Mercedes-Benz,C-Class,C 220d,2014,Diesel,Automatic,156256,1993,17.5,1st Owner,Chennai,5,Good,True,1035000
Audi,A6,45 TFSI Premium Plus,2017,Petrol,Automatic,84856,1984,13.1,3rd Owner,Kochi,5,Poor,False,1115000
Skoda,Slavia,Style,2016,Petrol,Automatic,113521,1448,17.5,3rd Owner,Chandigarh,5,Fair,True,350000
Honda,Amaze,E,2020,Petrol,Automatic,58574,1149,17.6,1st Owner,Lucknow,5,Poor,True,255000
Maruti Suzuki,Ertiga,ZXi Plus,2013,Petrol,Automatic,170815,1462,20.9,2nd Owner,Kolkata,7,Good,False,135000
Honda,Civic,VX,2022,Diesel,Automatic,49673,1849,17.6,4+ Owners,Chennai,5,Excellent,False,810000
Mahindra,XUV300,W4,2015,Petrol,Manual,83426,1547,18.6,2nd Owner,Kochi,5,Excellent,False,185000
Toyota,Innova Crysta,ZX,2013,Diesel,Automatic,190045,2393,15.4,2nd Owner,Bengaluru,7,Fair,True,350000
Tata,Nexon,Pure,2016,Diesel,Manual,65192,1199,18.6,3rd Owner,Pune,5,Excellent,True,195000
BMW,3 Series,330i M Sport,2017,Diesel,Automatic,89959,2045,16.1,3rd Owner,Surat,5,Good,True,1200000
Honda,Amaze,E,2017,Petrol,Automatic,81057,1149,17.1,1st Owner,Pune,5,Good,True,230000
Mercedes-Benz,E-Class,E 200,2014,Petrol,Automatic,160809,2043,14.7,2nd Owner,Mumbai,5,Excellent,True,1250000
Volkswagen,Taigun,Highline,2014,Petrol,Automatic,134833,1498,16.8,1st Owner,Ahmedabad,5,Good,False,350000
Renault,Kwid,CLIMBER,2018,Petrol,Manual,74176,999,20.7,2nd Owner,Delhi,5,Poor,False,120000
Kia,Seltos,GTX+,2017,Diesel,Automatic,80618,1547,18.3,3rd Owner,Ahmedabad,5,Excellent,True,350000
Renault,Triber,RXE,2020,Petrol,Manual,35032,1049,19.7,3rd Owner,Pune,7,Good,False,220000
Tata,Tiago,XE,2014,CNG,Manual,139054,1149,19.5,3rd Owner,Hyderabad,5,Good,True,120000
Hyundai,Verna,S+,2023,Petrol,Automatic,45396,1547,17.5,4+ Owners,Chandigarh,5,Good,False,545000
Toyota,Innova Crysta,GX,2014,Diesel,Automatic,140010,2393,16.0,2nd Owner,Surat,7,Excellent,False,380000
Volkswagen,Taigun,Comfortline,2019,Petrol,Automatic,64159,1448,18.6,4+ Owners,Pune,5,Excellent,False,380000
Maruti Suzuki,Brezza,ZXi,2020,CNG,Automatic,59963,1512,19.3,3rd Owner,Surat,5,Good,True,370000
Mahindra,XUV300,W8(O),2015,Diesel,Manual,73555,1497,19.7,2nd Owner,Vadodara,5,Good,False,170000
Honda,WR-V,VX,2014,Diesel,Manual,102088,1448,18.6,1st Owner,Kochi,5,Excellent,True,185000
Mercedes-Benz,GLC,GLC 300,2015,Diesel,Automatic,99745,1943,15.0,3rd Owner,Bengaluru,5,Excellent,True,1255000
Tata,Punch,Adventure,2017,Petrol,Automatic,75990,1149,20.3,4+ Owners,Ahmedabad,5,Good,False,135000
Kia,Sonet,HTE,2017,Diesel,Manual,110321,1147,17.5,4+ Owners,Lucknow,5,Fair,True,135000
Honda,City,V,2024,Petrol,Manual,22122,1448,17.9,2nd Owner,Bengaluru,5,Good,False,860000
Hyundai,Creta,SX(O),2016,Diesel,Manual,70539,1447,18.1,2nd Owner,Kolkata,5,Poor,True,350000
Toyota,Camry,2.5 Hybrid,2023,Hybrid,Automatic,44440,2487,20.2,4+ Owners,Chennai,5,Good,False,2035000
Renault,Triber,LXL,2020,Petrol,Manual,65617,949,18.8,4+ Owners,Vadodara,7,Good,True,205000
Honda,Amaze,S,2014,Petrol,Automatic,125182,1199,18.0,2nd Owner,Surat,5,Excellent,False,135000
Audi,A6,45 TFSI Premium Plus,2024,Petrol,Automatic,21454,1984,14.6,4+ Owners,Jaipur,5,Fair,False,3100000
Mercedes-Benz,C-Class,C 200,2024,Petrol,Automatic,20528,2043,18.3,3rd Owner,Ahmedabad,5,Excellent,False,3540000
Mahindra,Thar,LX Diesel AT,2021,Diesel,Manual,41185,2184,15.6,2nd Owner,Bengaluru,4,Fair,True,530000
Tata,Harrier,Pure,2020,Diesel,Automatic,59548,1956,15.8,3rd Owner,Pune,5,Poor,False,470000
Skoda,Kushaq,Style,2020,Petrol,Manual,72087,1548,17.5,2nd Owner,Ahmedabad,5,Good,False,465000
Maruti Suzuki,Ertiga,ZXi Plus,2015,Petrol,Automatic,111006,1512,19.0,1st Owner,Chandigarh,7,Fair,True,205000
Mahindra,Scorpio-N,Z8,2024,Diesel,Manual,17397,2184,15.2,2nd Owner,Pune,7,Excellent,True,1115000
Honda,Civic,ZX,2014,Diesel,Automatic,82796,1799,17.5,4+ Owners,Surat,5,Excellent,False,350000
Skoda,Octavia,L&K,2017,Petrol,Automatic,64042,2034,15.4,4+ Owners,Lucknow,5,Fair,False,505000
Kia,Sonet,HTK,2023,Diesel,Manual,34963,1197,18.9,1st Owner,Jaipur,5,Fair,True,520000
Tata,Safari,Accomplished,2024,Diesel,Manual,16832,1956,15.8,4+ Owners,Vadodara,7,Poor,True,710000
Honda,WR-V,VX,2019,Petrol,Manual,45919,1548,16.7,3rd Owner,Ahmedabad,5,Good,True,270000
Volkswagen,Polo,GT TSI,2023,Petrol,Manual,41600,1049,19.1,1st Owner,Jaipur,5,Good,True,460000
Kia,Sonet,GTX+,2022,Diesel,Manual,29442,1197,18.4,4+ Owners,Pune,5,Good,False,335000
Mercedes-Benz,C-Class,C 200,2020,Petrol,Automatic,57079,2043,17.8,4+ Owners,Ahmedabad,5,Excellent,False,1855000
MG,Astor,Style,2023,Petrol,Manual,22763,1548,14.7,3rd Owner,Vadodara,5,Poor,True,425000
Kia,Carens,Luxury Plus,2013,Diesel,Automatic,120922,1447,17.3,4+ Owners,Kochi,7,Good,True,350000
Mercedes-Benz,GLC,GLC 220d,2021,Petrol,Automatic,68146,2043,13.7,3rd Owner,Kochi,5,Good,True,2580000
Volkswagen,Polo,Trendline,2021,Petrol,Automatic,50306,999,18.5,2nd Owner,Mumbai,5,Good,True,345000
Hyundai,Alcazar,Prestige,2018,Diesel,Manual,63424,1493,18.9,4+ Owners,Kolkata,7,Excellent,False,395000
Hyundai,Grand i10 Nios,Sportz,2021,CNG,Manual,32187,1197,22.2,2nd Owner,Chennai,5,Good,False,275000
Honda,City,ZX,2015,Petrol,Automatic,160926,1498,17.7,1st Owner,Ahmedabad,5,Poor,False,350000
MG,Hector,Smart,2023,Petrol,Manual,36795,2006,17.1,2nd Owner,Lucknow,5,Excellent,False,870000
Volkswagen,Virtus,Comfortline,2020,Petrol,Manual,77412,1448,18.4,1st Owner,Hyderabad,5,Excellent,True,555000
Audi,A4,40 TFSI Technology,2015,Petrol,Automatic,159995,2034,18.7,2nd Owner,Vadodara,5,Fair,False,775000
Mahindra,Thar,LX Diesel AT,2013,Diesel,Manual,192284,2184,15.7,3rd Owner,Chandigarh,4,Good,False,350000
Hyundai,Creta,SX,2021,Petrol,Automatic,41505,1447,15.8,4+ Owners,Ahmedabad,5,Poor,True,350000
Maruti Suzuki,Ciaz,Delta,2013,Petrol,Manual,172105,1512,20.8,2nd Owner,Ahmedabad,5,Good,False,120000
Honda,WR-V,VX,2023,Petrol,Manual,38967,1548,18.5,4+ Owners,Mumbai,5,Excellent,True,415000
BMW,5 Series,520d Luxury Line,2017,Petrol,Automatic,88370,2045,16.0,1st Owner,Bengaluru,5,Good,False,1925000
Maruti Suzuki,Brezza,ZXi,2022,CNG,Automatic,27946,1512,19.4,4+ Owners,Mumbai,5,Good,False,385000
Mahindra,XUV700,AX5,2013,Diesel,Automatic,128307,2184,13.3,1st Owner,Surat,7,Poor,False,350000
Toyota,Fortuner,2.8 4x2 AT,2019,Diesel,Manual,57400,2755,15.3,4+ Owners,Kolkata,7,Good,False,870000
BMW,5 Series,530d M Sport,2015,Petrol,Automatic,110601,1945,17.0,4+ Owners,Chandigarh,5,Poor,False,735000
Tata,Harrier,Adventure,2022,Diesel,Manual,29667,1956,15.9,4+ Owners,Bengaluru,5,Good,False,680000
Tata,Nexon,Fearless,2019,Diesel,Manual,96718,1149,16.5,3rd Owner,Ahmedabad,5,Good,True,250000
Mercedes-Benz,GLC,GLC 300,2019,Diesel,Automatic,92784,1993,15.9,4+ Owners,Mumbai,5,Fair,True,1450000
Skoda,Slavia,Active,2021,Petrol,Manual,39198,1448,18.8,2nd Owner,Kochi,5,Excellent,True,600000
Kia,Seltos,HTE,2013,Petrol,Automatic,138175,1547,18.4,4+ Owners,Ahmedabad,5,Good,True,350000
Toyota,Innova Crysta,GX,2017,Diesel,Manual,96243,2393,13.7,4+ Owners,Pune,7,Good,False,380000
Renault,Kiger,RXZ,2019,Petrol,Automatic,74693,1049,20.0,2nd Owner,Chennai,5,Excellent,False,265000
BMW,X1,sDrive20d,2013,Petrol,Automatic,149537,1945,16.5,4+ Owners,Ahmedabad,5,Poor,True,365000
Toyota,Camry,2.5 Hybrid,2022,Hybrid,Automatic,55112,2487,18.0,1st Owner,Delhi,5,Poor,False,1945000
Maruti Suzuki,Grand Vitara,Alpha,2019,Petrol,Automatic,84082,1440,28.7,3rd Owner,Lucknow,5,Excellent,False,390000
Toyota,Camry,2.5 Hybrid,2014,Hybrid,Automatic,113528,2487,19.6,4+ Owners,Vadodara,5,Fair,False,525000
Maruti Suzuki,Grand Vitara,Alpha,2020,Petrol,Manual,47331,1490,26.6,4+ Owners,Delhi,5,Good,True,365000
Mahindra,Bolero,B6(O),2022,Diesel,Manual,61726,1443,15.1,1st Owner,Hyderabad,7,Fair,True,505000
Audi,A6,45 TFSI Technology,2020,Petrol,Automatic,66711,1984,12.7,4+ Owners,Lucknow,5,Good,True,1950000
Hyundai,Creta,SX,2019,Diesel,Manual,53896,1547,15.4,3rd Owner,Delhi,5,Poor,True,350000
Tata,Altroz,XZ+,2018,Petrol,Automatic,96371,1149,20.7,1st Owner,Chandigarh,5,Excellent,False,255000
Mahindra,Scorpio-N,Z8L,2024,Petrol,Manual,25919,2184,13.8,4+ Owners,Vadodara,7,Fair,True,720000
Hyundai,Venue,E,2023,Diesel,Automatic,14960,1197,16.0,2nd Owner,Lucknow,5,Excellent,False,565000
Toyota,Fortuner,2.8 4x4 AT,2013,Petrol,Manual,113281,2755,15.1,1st Owner,Vadodara,7,Good,False,560000
Tata,Tiago,XE,2016,Electric,Automatic,151662,1249,21.3,1st Owner,Vadodara,5,Poor,True,120000
Mahindra,XUV700,AX7L,2024,Diesel,Manual,25148,2184,14.6,2nd Owner,Lucknow,7,Good,True,1095000
Kia,Seltos,HTK,2013,Petrol,Automatic,142201,1447,17.0,1st Owner,Kochi,5,Poor,False,350000
BMW,X1,sDrive20i,2013,Petrol,Automatic,100530,2045,17.3,3rd Owner,Lucknow,5,Good,True,580000
MG,Hector,Sharp Pro,2019,Petrol,Manual,85251,1956,16.0,1st Owner,Pune,5,Good,False,545000
MG,Hector,Style,2022,Diesel,Manual,46799,2006,16.3,2nd Owner,Bengaluru,5,Excellent,False,775000
Volkswagen,Polo,Trendline,2020,Petrol,Automatic,72281,999,18.1,1st Owner,Lucknow,5,Good,True,305000
Mercedes-Benz,C-Class,C 200,2019,Petrol,Automatic,70426,1993,18.0,4+ Owners,Kochi,5,Poor,False,1045000
Kia,Seltos,HTK,2018,Diesel,Manual,95418,1447,15.9,4+ Owners,Delhi,5,Fair,True,350000
Volkswagen,Polo,GT TSI,2013,Petrol,Automatic,190671,949,17.7,1st Owner,Ahmedabad,5,Good,True,120000
Honda,Civic,V,2018,Petrol,Automatic,115021,1849,16.9,3rd Owner,Lucknow,5,Excellent,True,495000
Honda,City,ZX,2014,Petrol,Manual,115116,1448,17.4,1st Owner,Chandigarh,5,Fair,False,350000
Honda,Civic,VX,2022,Diesel,Automatic,36992,1849,16.9,2nd Owner,Ahmedabad,5,Excellent,True,1095000
Skoda,Kushaq,Active,2015,Petrol,Automatic,155684,1548,17.4,3rd Owner,Vadodara,5,Good,True,350000
BMW,X1,sDrive20i,2024,Diesel,Automatic,23794,1945,15.2,1st Owner,Vadodara,5,Excellent,False,3460000
Mahindra,Bolero,B4,2017,Diesel,Manual,115361,1443,17.1,3rd Owner,Bengaluru,7,Excellent,False,220000
Maruti Suzuki,Wagon R,ZXi,2019,CNG,Manual,71606,948,26.1,2nd Owner,Chennai,5,Poor,True,140000
Toyota,Camry,2.5 Hybrid,2019,Hybrid,Automatic,56252,2487,18.7,1st Owner,Pune,5,Fair,True,1630000
Honda,City,V,2020,Petrol,Manual,81741,1448,17.2,1st Owner,Pune,5,Poor,True,395000
Tata,Harrier,Adventure,2014,Diesel,Manual,137203,1956,17.0,1st Owner,Surat,5,Poor,False,350000
Mahindra,XUV700,MX,2023,Diesel,Automatic,21904,2184,14.7,1st Owner,Chandigarh,7,Excellent,False,1210000
BMW,5 Series,530d M Sport,2022,Petrol,Automatic,47994,1945,17.6,2nd Owner,Pune,5,Poor,False,2535000
Skoda,Kushaq,Monte Carlo,2021,Petrol,Automatic,65200,1448,19.3,4+ Owners,Lucknow,5,Poor,True,350000
Honda,City,ZX,2014,Petrol,Manual,78912,1498,17.8,2nd Owner,Hyderabad,5,Good,False,350000
MG,Hector,Shine,2022,Diesel,Automatic,37630,1906,16.9,2nd Owner,Pune,5,Good,True,890000
Mercedes-Benz,E-Class,E 200,2022,Petrol,Automatic,38029,1993,16.3,2nd Owner,Hyderabad,5,Fair,True,3360000
Honda,Amaze,E,2022,Petrol,Automatic,21077,1199,19.0,2nd Owner,Kochi,5,Good,False,400000
Honda,WR-V,VX,2023,Petrol,Manual,22361,1498,18.5,1st Owner,Pune,5,Fair,False,505000
Kia,Seltos,GTX+,2018,Diesel,Manual,74063,1447,15.6,4+ Owners,Kochi,5,Fair,True,350000
Tata,Punch,Creative,2023,Petrol,Manual,45581,1199,19.9,2nd Owner,Delhi,5,Poor,True,300000
Kia,Sonet,GTX+,2013,Diesel,Manual,124070,1147,17.6,1st Owner,Pune,5,Fair,True,125000
Mercedes-Benz,E-Class,E 220d,2023,Diesel,Automatic,23593,2043,14.4,1st Owner,Bengaluru,5,Poor,False,3510000
MG,Astor,Sharp,2018,Petrol,Automatic,110317,1448,14.4,1st Owner,Lucknow,5,Poor,True,350000
Maruti Suzuki,Dzire,ZXi Plus,2016,CNG,Automatic,105724,1247,22.8,4+ Owners,Chennai,5,Fair,False,120000
Honda,City,ZX,2016,Hybrid,Automatic,72891,1548,19.0,4+ Owners,Mumbai,5,Fair,False,350000
Toyota,Innova Crysta,GX,2019,Diesel,Automatic,64911,2393,14.0,2nd Owner,Chandigarh,7,Fair,False,625000
Hyundai,i20,Magna,2023,Petrol,Automatic,33730,1147,19.6,1st Owner,Surat,5,Excellent,True,600000
Kia,Carens,Prestige,2015,Petrol,Automatic,156612,1447,17.5,2nd Owner,Pune,7,Poor,False,350000
BMW,5 Series,520d Luxury Line,2021,Petrol,Automatic,50171,2045,17.8,4+ Owners,Mumbai,5,Fair,False,1955000
Skoda,Slavia,Ambition,2024,Petrol,Manual,22431,1498,17.9,3rd Owner,Ahmedabad,5,Excellent,False,725000
MG,Astor,Smart,2022,Petrol,Manual,59447,1448,15.9,4+ Owners,Bengaluru,5,Good,False,420000
Maruti Suzuki,Ciaz,Sigma,2022,Petrol,Automatic,31774,1462,18.9,1st Owner,Ahmedabad,5,Fair,False,530000
BMW,5 Series,530d M Sport,2017,Diesel,Automatic,133606,1995,16.9,3rd Owner,Kolkata,5,Fair,True,1375000
Tata,Harrier,Fearless,2019,Diesel,Manual,39640,1956,16.9,3rd Owner,Jaipur,5,Poor,True,390000
Maruti Suzuki,Wagon R,LXi,2019,CNG,Automatic,72607,948,24.2,3rd Owner,Lucknow,5,Fair,False,150000
Skoda,Octavia,L&K,2017,Petrol,Automatic,83038,2034,15.5,4+ Owners,Mumbai,5,Good,False,595000
Audi,A4,40 TFSI Premium,2020,Petrol,Automatic,75306,1934,18.5,3rd Owner,Kochi,5,Fair,True,1535000
Skoda,Octavia,L&K,2013,Petrol,Automatic,145670,2034,16.1,2nd Owner,Mumbai,5,Fair,True,365000
MG,Hector,Sharp Pro,2023,Petrol,Automatic,45804,1906,16.8,3rd Owner,Bengaluru,5,Fair,True,735000
Kia,Carens,Luxury,2021,Petrol,Automatic,52722,1497,15.6,4+ Owners,Kochi,7,Poor,False,350000
Maruti Suzuki,Wagon R,VXi,2023,Petrol,Automatic,20441,1048,26.2,1st Owner,Bengaluru,5,Poor,True,300000
Renault,Triber,RXT,2015,Petrol,Manual,84010,1049,19.3,2nd Owner,Pune,7,Fair,True,120000
Audi,A6,45 TFSI Premium Plus,2013,Petrol,Automatic,175250,1984,13.5,4+ Owners,Kolkata,5,Fair,False,620000
Hyundai,Alcazar,Platinum,2014,Diesel,Automatic,173360,1443,16.6,2nd Owner,Lucknow,7,Fair,False,350000
Mercedes-Benz,E-Class,E 220d,2022,Diesel,Automatic,39636,1943,16.4,4+ Owners,Mumbai,5,Fair,False,2665000
Mercedes-Benz,E-Class,E 220d,2020,Diesel,Automatic,69211,1943,13.8,4+ Owners,Hyderabad,5,Excellent,False,2300000
Audi,Q3,35 TDI Quattro,2023,Petrol,Automatic,27210,1934,15.7,2nd Owner,Chennai,5,Good,False,2730000
Audi,A6,45 TFSI Technology,2019,Petrol,Automatic,59373,1934,14.0,2nd Owner,Hyderabad,5,Poor,True,1660000
Skoda,Octavia,Style,2015,Petrol,Automatic,147902,1934,16.4,4+ Owners,Pune,5,Fair,False,350000
Skoda,Kushaq,Monte Carlo,2020,Petrol,Automatic,46229,1498,17.9,3rd Owner,Hyderabad,5,Excellent,True,515000
BMW,3 Series,330i M Sport,2021,Petrol,Automatic,36554,1995,16.4,3rd Owner,Pune,5,Poor,True,1505000
Skoda,Slavia,Style,2017,Petrol,Automatic,88879,1448,19.6,1st Owner,Vadodara,5,Poor,False,350000
Honda,Civic,ZX,2014,Petrol,Automatic,78939,1849,15.3,1st Owner,Bengaluru,5,Poor,True,350000
Tata,Nexon,Fearless,2013,Diesel,Automatic,83740,1149,17.3,2nd Owner,Hyderabad,5,Poor,True,120000
Tata,Safari,Pure,2016,Diesel,Automatic,113210,1906,15.5,3rd Owner,Mumbai,7,Poor,False,350000
Skoda,Octavia,L&K,2021,Petrol,Automatic,59520,2034,15.6,4+ Owners,Kolkata,5,Good,True,1055000
Audi,Q3,35 TDI Quattro,2014,Diesel,Automatic,135587,2034,16.8,3rd Owner,Kolkata,5,Excellent,False,650000
Hyundai,Grand i10 Nios,Asta,2022,Petrol,Automatic,42675,1147,20.1,2nd Owner,Delhi,5,Excellent,False,330000
Volkswagen,Virtus,Comfortline,2015,Petrol,Automatic,74117,1498,18.7,4+ Owners,Delhi,5,Fair,False,350000
Mercedes-Benz,GLC,GLC 220d,2024,Petrol,Automatic,30069,2043,13.4,2nd Owner,Hyderabad,5,Fair,False,3745000
Skoda,Kushaq,Style,2019,Petrol,Automatic,44634,1498,18.6,4+ Owners,Chennai,5,Excellent,True,380000
Tata,Altroz,XT,2020,Petrol,Automatic,85152,1149,18.9,4+ Owners,Pune,5,Poor,True,165000
BMW,X1,sDrive20d,2023,Diesel,Automatic,27473,1995,17.7,2nd Owner,Surat,5,Excellent,True,2840000
Hyundai,Verna,SX,2024,Diesel,Manual,19143,1447,18.0,4+ Owners,Lucknow,5,Fair,True,535000
MG,Astor,Super,2022,Petrol,Automatic,29212,1448,14.2,4+ Owners,Lucknow,5,Poor,False,350000
BMW,3 Series,330i M Sport,2024,Diesel,Automatic,18675,1995,16.8,1st Owner,Ahmedabad,5,Excellent,False,3840000
Maruti Suzuki,Brezza,VXi,2014,Petrol,Automatic,86808,1412,19.0,3rd Owner,Lucknow,5,Fair,False,130000
Maruti Suzuki,Ertiga,VXi,2024,CNG,Automatic,17853,1512,22.0,2nd Owner,Jaipur,7,Poor,False,515000
Honda,Amaze,E,2015,Petrol,Automatic,73623,1249,19.6,1st Owner,Jaipur,5,Good,False,175000
Volkswagen,Virtus,GT Plus,2019,Petrol,Automatic,46963,1448,20.1,4+ Owners,Hyderabad,5,Fair,True,350000
Maruti Suzuki,Brezza,VXi,2015,Petrol,Automatic,160725,1412,21.0,2nd Owner,Surat,5,Poor,False,130000
Kia,Sonet,HTX,2022,Petrol,Manual,58495,1247,17.1,2nd Owner,Vadodara,5,Fair,False,370000
Hyundai,Verna,SX,2013,Petrol,Manual,131988,1447,18.5,4+ Owners,Pune,5,Poor,False,350000
Mercedes-Benz,E-Class,E 220d,2014,Diesel,Automatic,166353,1993,14.2,3rd Owner,Surat,5,Poor,False,745000
Mercedes-Benz,C-Class,C 300d,2015,Diesel,Automatic,133998,1943,16.3,1st Owner,Mumbai,5,Good,False,1145000
Tata,Tiago,XT,2018,Petrol,Manual,84255,1249,19.3,4+ Owners,Kolkata,5,Good,True,130000
Skoda,Slavia,Style,2013,Petrol,Automatic,129187,1448,17.8,3rd Owner,Chennai,5,Poor,True,350000
Volkswagen,Taigun,Highline,2015,Petrol,Manual,86896,1548,18.6,4+ Owners,Jaipur,5,Poor,False,350000
Tata,Tiago,XE,2017,Petrol,Automatic,96079,1199,20.0,4+ Owners,Ahmedabad,5,Excellent,True,120000
Skoda,Kushaq,Active,2013,Petrol,Automatic,127197,1498,17.0,1st Owner,Pune,5,Excellent,True,350000
Kia,Sonet,GTX+,2015,Petrol,Manual,158546,1147,18.5,1st Owner,Mumbai,5,Poor,False,120000
Tata,Harrier,Fearless,2013,Diesel,Manual,111416,2006,17.3,2nd Owner,Kochi,5,Excellent,False,350000
Tata,Tiago,XM,2013,CNG,Manual,88257,1149,18.7,4+ Owners,Lucknow,5,Fair,False,120000
Maruti Suzuki,Wagon R,LXi,2015,CNG,Manual,84009,948,23.8,4+ Owners,Kolkata,5,Excellent,True,120000
Toyota,Glanza,S,2013,Petrol,Automatic,168482,1147,23.3,2nd Owner,Bengaluru,5,Good,True,120000
Maruti Suzuki,Wagon R,LXi,2022,Petrol,Manual,32313,998,24.8,1st Owner,Delhi,5,Excellent,True,345000
Honda,WR-V,VX,2016,Petrol,Manual,91252,1548,16.5,2nd Owner,Jaipur,5,Poor,True,155000
Tata,Punch,Accomplished,2018,CNG,Automatic,89748,1149,19.4,4+ Owners,Chennai,5,Fair,False,140000
Maruti Suzuki,Brezza,ZXi,2022,CNG,Automatic,37052,1412,20.5,3rd Owner,Hyderabad,5,Poor,False,335000
Volkswagen,Polo,Comfortline,2017,Petrol,Manual,123380,999,17.9,1st Owner,Pune,5,Good,False,190000
Kia,Sonet,HTX,2022,Petrol,Automatic,58367,1147,18.0,2nd Owner,Lucknow,5,Excellent,False,460000
Hyundai,Verna,SX(O),2018,Petrol,Manual,103068,1447,18.0,4+ Owners,Kochi,5,Fair,False,350000
Mahindra,XUV700,AX5,2016,Diesel,Manual,115643,2184,13.0,2nd Owner,Surat,7,Poor,False,350000
Tata,Harrier,Smart,2018,Diesel,Manual,72026,2006,17.4,4+ Owners,Hyderabad,5,Good,False,375000
MG,Astor,Sharp,2021,Petrol,Automatic,46608,1498,15.7,4+ Owners,Surat,5,Good,False,400000
Renault,Kiger,RXE,2022,Petrol,Automatic,32107,949,19.6,1st Owner,Delhi,5,Poor,True,340000
Hyundai,Creta,EX,2013,Diesel,Manual,177088,1497,15.5,2nd Owner,Kochi,5,Excellent,True,350000
Renault,Triber,RXZ,2021,Petrol,Manual,62177,1049,18.1,2nd Owner,Delhi,7,Fair,False,260000
Renault,Triber,RXZ,2019,Petrol,Automatic,72239,1049,19.2,2nd Owner,Ahmedabad,7,Fair,False,215000
Honda,Amaze,VX,2014,Petrol,Manual,127273,1149,18.3,3rd Owner,Jaipur,5,Excellent,True,120000
Kia,Carens,Luxury Plus,2024,Diesel,Automatic,17613,1497,18.0,1st Owner,Ahmedabad,7,Good,True,970000
Renault,Kwid,RXT,2014,Petrol,Manual,107116,1049,20.6,4+ Owners,Kochi,5,Good,False,120000
Maruti Suzuki,Baleno,Delta,2016,Petrol,Automatic,104069,1197,24.2,4+ Owners,Lucknow,5,Poor,True,120000
Toyota,Fortuner,2.8 4x4 AT,2013,Diesel,Manual,88386,2755,15.3,4+ Owners,Chandigarh,7,Good,True,395000
Toyota,Fortuner,2.7 4x2,2019,Petrol,Automatic,47928,2755,12.8,3rd Owner,Vadodara,7,Good,True,1120000
Skoda,Kushaq,Monte Carlo,2014,Petrol,Manual,82868,1448,17.3,1st Owner,Lucknow,5,Good,False,350000
BMW,5 Series,530d M Sport,2021,Diesel,Automatic,34337,1995,16.5,4+ Owners,Mumbai,5,Poor,True,1800000
Renault,Kwid,RXT,2021,Petrol,Manual,37847,999,20.8,1st Owner,Kochi,5,Poor,True,180000
Tata,Tiago,XE,2022,Electric,Automatic,23277,1199,21.2,1st Owner,Bengaluru,5,Excellent,False,360000
Tata,Altroz,XZ,2023,Diesel,Automatic,28656,1249,18.0,2nd Owner,Ahmedabad,5,Poor,False,320000
Toyota,Camry,2.5 Hybrid,2022,Hybrid,Automatic,25834,2487,20.4,4+ Owners,Chennai,5,Excellent,False,1945000
Renault,Triber,LXL,2016,Petrol,Manual,117722,949,17.7,2nd Owner,Delhi,7,Fair,True,125000
Kia,Carens,Luxury Plus,2023,Petrol,Automatic,23924,1547,15.8,3rd Owner,Pune,7,Good,False,625000
MG,Astor,Smart,2014,Petrol,Manual,144060,1498,15.5,1st Owner,Surat,5,Poor,False,350000
Mahindra,XUV300,W8(O),2022,Diesel,Manual,24325,1497,18.8,3rd Owner,Ahmedabad,5,Poor,False,300000
Kia,Seltos,HTX,2018,Diesel,Manual,75488,1547,17.7,4+ Owners,Bengaluru,5,Poor,False,350000
MG,Astor,Sharp,2018,Petrol,Automatic,94298,1498,13.4,1st Owner,Delhi,5,Fair,False,350000
Honda,City,VX,2021,Hybrid,Manual,48013,1548,17.8,1st Owner,Mumbai,5,Excellent,False,650000
Renault,Kwid,CLIMBER,2014,Petrol,Manual,175737,949,21.9,2nd Owner,Hyderabad,5,Excellent,True,120000
Mercedes-Benz,GLC,GLC 220d,2015,Petrol,Automatic,91651,1943,14.9,3rd Owner,Mumbai,5,Fair,False,970000
Tata,Altroz,XM,2018,CNG,Automatic,48205,1199,18.1,3rd Owner,Kolkata,5,Excellent,True,220000
Mercedes-Benz,C-Class,C 300d,2014,Petrol,Automatic,78983,1943,16.4,4+ Owners,Bengaluru,5,Good,True,840000
Maruti Suzuki,Alto,LXi,2014,CNG,Manual,83648,846,23.9,2nd Owner,Jaipur,5,Excellent,True,120000
Toyota,Fortuner,2.8 4x4 AT,2024,Diesel,Manual,19136,2755,14.5,2nd Owner,Kochi,7,Excellent,False,2350000
Skoda,Kushaq,Monte Carlo,2017,Petrol,Manual,77231,1548,17.9,2nd Owner,Mumbai,5,Poor,True,350000
Volkswagen,Polo,Trendline,2023,Petrol,Automatic,22060,949,17.4,4+ Owners,Chennai,5,Good,False,330000
Maruti Suzuki,Wagon R,VXi,2021,CNG,Automatic,72481,1048,25.4,1st Owner,Jaipur,5,Fair,True,275000
BMW,3 Series,330i M Sport,2022,Diesel,Automatic,45418,1945,16.2,4+ Owners,Mumbai,5,Poor,True,1525000
Kia,Sonet,GTX+,2020,Petrol,Manual,80944,1197,18.2,1st Owner,Delhi,5,Poor,False,245000
Kia,Seltos,HTK,2019,Petrol,Automatic,47006,1497,16.2,1st Owner,Jaipur,5,Fair,True,465000
Kia,Carens,Prestige,2023,Diesel,Automatic,32175,1497,17.3,4+ Owners,Lucknow,7,Good,False,575000
Mercedes-Benz,C-Class,C 300d,2017,Petrol,Automatic,74867,1943,16.0,1st Owner,Kochi,5,Excellent,False,1690000
BMW,3 Series,330i M Sport,2014,Diesel,Automatic,123006,2045,14.9,3rd Owner,Pune,5,Poor,False,555000
Renault,Kwid,CLIMBER,2015,Petrol,Automatic,67340,999,21.0,4+ Owners,Mumbai,5,Good,True,120000
Tata,Altroz,XT,2023,CNG,Automatic,34607,1149,20.3,3rd Owner,Vadodara,5,Good,False,380000
Toyota,Fortuner,2.8 4x2 AT,2022,Diesel,Automatic,33529,2755,14.0,1st Owner,Kolkata,7,Fair,True,1975000
Audi,A4,40 TFSI Premium,2017,Petrol,Automatic,127291,1934,18.6,3rd Owner,Vadodara,5,Good,True,1110000
Kia,Carens,Prestige,2020,Petrol,Automatic,55817,1497,17.3,2nd Owner,Delhi,7,Good,True,495000
Toyota,Glanza,E,2015,Petrol,Manual,138888,1247,22.6,1st Owner,Chandigarh,5,Good,True,155000
Renault,Kwid,CLIMBER,2022,Petrol,Manual,24081,949,22.4,2nd Owner,Surat,5,Fair,False,210000
Tata,Punch,Accomplished,2019,CNG,Automatic,53759,1249,19.6,3rd Owner,Mumbai,5,Poor,True,160000
Toyota,Glanza,S,2015,Petrol,Manual,139067,1197,23.5,1st Owner,Chennai,5,Fair,False,130000
BMW,5 Series,520d Luxury Line,2020,Petrol,Automatic,66843,1945,17.9,1st Owner,Delhi,5,Poor,False,2135000
Kia,Carens,Luxury Plus,2018,Petrol,Automatic,74883,1547,17.7,4+ Owners,Delhi,7,Good,True,350000
Tata,Altroz,XE,2024,CNG,Automatic,32591,1149,19.0,1st Owner,Kochi,5,Excellent,True,600000
Hyundai,Alcazar,Prestige,2019,Diesel,Automatic,47081,1543,19.1,4+ Owners,Hyderabad,7,Fair,True,410000
Honda,Civic,V,2021,Diesel,Automatic,34126,1799,17.5,3rd Owner,Vadodara,5,Fair,False,660000
Volkswagen,Virtus,Comfortline,2017,Petrol,Automatic,78739,1448,17.2,2nd Owner,Kolkata,5,Fair,True,350000
Skoda,Octavia,Style,2016,Petrol,Automatic,83714,1984,15.3,4+ Owners,Ahmedabad,5,Good,True,550000
Mercedes-Benz,GLC,GLC 300,2014,Diesel,Automatic,172454,1993,14.9,3rd Owner,Hyderabad,5,Good,True,880000
Mercedes-Benz,E-Class,E 350d,2013,Diesel,Automatic,115864,1993,14.4,4+ Owners,Kolkata,5,Good,False,815000
Tata,Safari,Pure,2017,Diesel,Automatic,86604,1956,17.7,3rd Owner,Vadodara,7,Poor,False,350000
Kia,Carens,Luxury Plus,2019,Diesel,Automatic,101447,1547,16.3,2nd Owner,Chennai,7,Fair,False,360000
Maruti Suzuki,Ertiga,ZXi Plus,2023,Petrol,Automatic,21056,1512,19.4,4+ Owners,Pune,7,Poor,False,355000
Tata,Tiago,XE,2019,Petrol,Automatic,93986,1149,20.3,2nd Owner,Surat,5,Fair,True,180000
Renault,Kwid,CLIMBER,2023,Petrol,Manual,19731,1049,20.8,4+ Owners,Lucknow,5,Fair,True,195000
Mercedes-Benz,C-Class,C 200,2020,Diesel,Automatic,65850,1993,17.6,4+ Owners,Lucknow,5,Good,False,1630000
Skoda,Kushaq,Active,2020,Petrol,Manual,63304,1448,16.7,4+ Owners,Jaipur,5,Good,True,365000
MG,Hector,Style,2022,Diesel,Automatic,30662,1956,15.5,4+ Owners,Mumbai,5,Poor,True,485000
Honda,Amaze,VX,2019,Petrol,Manual,52039,1149,19.7,2nd Owner,Mumbai,5,Excellent,False,260000
Toyota,Innova Crysta,VX,2017,Diesel,Manual,88257,2393,16.1,4+ Owners,Mumbai,7,Good,False,395000
BMW,X1,sDrive20d,2024,Petrol,Automatic,13781,2045,16.8,3rd Owner,Ahmedabad,5,Good,True,2765000
Mahindra,XUV300,W8,2022,Petrol,Manual,34689,1497,20.4,1st Owner,Chandigarh,5,Good,False,480000
MG,Hector,Style,2014,Diesel,Automatic,146765,1956,15.3,1st Owner,Jaipur,5,Excellent,True,350000
BMW,X1,sDrive20d,2017,Diesel,Automatic,63644,1945,15.6,1st Owner,Pune,5,Poor,False,990000
Mahindra,Thar,LX Diesel AT,2016,Diesel,Manual,143278,2184,14.5,2nd Owner,Kolkata,4,Fair,False,350000
Skoda,Slavia,Active,2013,Petrol,Manual,168350,1498,18.1,4+ Owners,Delhi,5,Poor,False,350000
Maruti Suzuki,Baleno,Sigma,2015,CNG,Manual,143588,1247,23.1,2nd Owner,Kolkata,5,Excellent,False,130000
Mahindra,Bolero,B6,2019,Diesel,Manual,55465,1493,15.8,2nd Owner,Vadodara,7,Good,True,335000
Volkswagen,Virtus,Topline,2013,Petrol,Manual,156952,1498,18.2,1st Owner,Chandigarh,5,Fair,False,350000
BMW,3 Series,320d Sport,2018,Petrol,Automatic,79430,2045,16.6,2nd Owner,Chennai,5,Good,False,1445000
Tata,Nexon,Fearless,2024,Diesel,Automatic,10508,1249,16.9,3rd Owner,Ahmedabad,5,Poor,False,420000
Honda,City,V,2013,Petrol,Automatic,120131,1498,16.8,4+ Owners,Ahmedabad,5,Good,False,350000
MG,Astor,Style,2015,Petrol,Manual,161396,1498,14.6,2nd Owner,Mumbai,5,Poor,True,350000
Maruti Suzuki,Ciaz,Alpha,2015,Petrol,Automatic,105060,1462,20.9,4+ Owners,Kolkata,5,Excellent,True,165000
Skoda,Kushaq,Ambition,2018,Petrol,Automatic,116436,1448,16.4,1st Owner,Mumbai,5,Poor,True,350000
Maruti Suzuki,Brezza,ZXi,2015,Petrol,Automatic,122314,1412,21.0,1st Owner,Pune,5,Poor,False,160000
Hyundai,Grand i10 Nios,Asta,2014,CNG,Manual,147932,1247,21.0,3rd Owner,Kochi,5,Poor,False,120000
Kia,Sonet,HTE,2022,Diesel,Manual,37475,1197,16.9,3rd Owner,Bengaluru,5,Good,False,390000
MG,Astor,Smart,2016,Petrol,Manual,87943,1448,15.0,3rd Owner,Hyderabad,5,Excellent,False,350000
BMW,5 Series,530d M Sport,2023,Petrol,Automatic,18328,1995,17.4,1st Owner,Delhi,5,Fair,True,4305000
Hyundai,Creta,E,2019,Petrol,Automatic,39525,1547,15.4,4+ Owners,Pune,5,Good,False,350000
Mahindra,Bolero,B6,2021,Diesel,Manual,56835,1543,16.0,2nd Owner,Pune,7,Poor,True,320000
Hyundai,Verna,SX(O),2020,Petrol,Automatic,73760,1547,18.6,4+ Owners,Vadodara,5,Poor,False,350000
Honda,Amaze,E,2016,Petrol,Automatic,85399,1199,18.2,2nd Owner,Chennai,5,Poor,False,125000
Renault,Kwid,CLIMBER,2023,Petrol,Automatic,14771,949,22.6,2nd Owner,Mumbai,5,Poor,True,225000
MG,Astor,Style,2018,Petrol,Manual,92872,1448,15.8,4+ Owners,Delhi,5,Poor,True,350000
MG,Hector,Shine,2018,Diesel,Manual,97273,1906,14.6,1st Owner,Mumbai,5,Excellent,True,530000
Renault,Kiger,RXE,2014,Petrol,Manual,73770,1049,20.5,2nd Owner,Jaipur,5,Good,False,125000
Toyota,Fortuner,2.8 4x4 AT,2021,Petrol,Manual,45658,2755,15.5,2nd Owner,Vadodara,7,Poor,False,1095000
Honda,Civic,VX,2015,Petrol,Automatic,89535,1849,16.9,1st Owner,Pune,5,Fair,False,395000
Toyota,Camry,2.5 Hybrid,2018,Hybrid,Automatic,56163,2487,20.5,2nd Owner,Vadodara,5,Good,True,1555000
Kia,Sonet,HTK,2022,Diesel,Automatic,30690,1247,18.7,1st Owner,Surat,5,Fair,True,485000
Renault,Kwid,CLIMBER,2019,Petrol,Manual,56551,999,21.8,1st Owner,Jaipur,5,Poor,False,135000
Tata,Tiago,XM,2019,Petrol,Automatic,109092,1249,20.5,1st Owner,Delhi,5,Poor,True,165000
Kia,Seltos,X-Line,2015,Petrol,Automatic,147028,1497,17.0,1st Owner,Chandigarh,5,Good,False,350000
Hyundai,Venue,S+,2015,Petrol,Manual,150352,1247,17.8,3rd Owner,Chandigarh,5,Excellent,True,145000
Renault,Triber,RXZ,2020,Petrol,Automatic,71848,999,18.4,2nd Owner,Jaipur,7,Fair,True,240000
Hyundai,Alcazar,Platinum,2014,Diesel,Manual,149589,1493,18.3,2nd Owner,Chandigarh,7,Excellent,True,350000
Audi,A6,45 TFSI Technology,2018,Petrol,Automatic,56390,1984,14.2,1st Owner,Mumbai,5,Fair,True,1920000
Renault,Kwid,CLIMBER,2017,Petrol,Automatic,128168,1049,21.9,1st Owner,Vadodara,5,Good,True,150000
Renault,Kwid,RXT,2014,Petrol,Manual,135032,949,22.4,4+ Owners,Lucknow,5,Excellent,False,120000
Renault,Kwid,CLIMBER,2023,Petrol,Manual,25559,949,23.1,4+ Owners,Chandigarh,5,Good,True,230000
Maruti Suzuki,Alto,Std,2013,Petrol,Manual,115976,746,25.6,2nd Owner,Ahmedabad,5,Poor,True,120000
Mercedes-Benz,GLC,GLC 300,2018,Petrol,Automatic,82191,2043,15.6,4+ Owners,Kochi,5,Excellent,False,1495000
MG,Astor,Sharp,2023,Petrol,Automatic,22674,1548,16.0,2nd Owner,Pune,5,Fair,False,625000
Honda,WR-V,VX,2024,Petrol,Manual,27508,1548,18.9,4+ Owners,Pune,5,Good,False,460000
Mercedes-Benz,E-Class,E 350d,2024,Petrol,Automatic,32952,2043,14.0,4+ Owners,Lucknow,5,Poor,True,2910000
Kia,Sonet,HTX,2016,Petrol,Manual,139225,1197,18.5,1st Owner,Jaipur,5,Fair,True,170000
MG,Astor,Super,2023,Petrol,Automatic,33040,1548,15.4,1st Owner,Pune,5,Excellent,False,785000
Maruti Suzuki,Wagon R,ZXi,2013,Petrol,Automatic,166977,948,25.9,1st Owner,Mumbai,5,Poor,True,120000
Mercedes-Benz,GLC,GLC 220d,2022,Petrol,Automatic,53003,2043,14.7,2nd Owner,Lucknow,5,Fair,False,2900000
Mahindra,Thar,AX(O),2021,Petrol,Manual,62801,2184,14.7,3rd Owner,Delhi,4,Fair,True,490000
BMW,X1,sDrive20d,2017,Diesel,Automatic,78813,1995,15.4,2nd Owner,Delhi,5,Good,False,1135000
Mercedes-Benz,GLC,GLC 220d,2016,Diesel,Automatic,88098,2043,15.4,1st Owner,Delhi,5,Good,True,1735000
Renault,Kwid,CLIMBER,2015,Petrol,Automatic,102823,999,20.9,4+ Owners,Lucknow,5,Poor,True,120000
Mahindra,Thar,LX Diesel AT,2013,Diesel,Automatic,130239,2184,14.3,3rd Owner,Pune,4,Fair,False,350000
Toyota,Camry,2.5 Hybrid,2022,Hybrid,Automatic,42780,2487,17.8,3rd Owner,Pune,5,Fair,False,1955000
Honda,Civic,ZX,2013,Diesel,Automatic,177987,1849,17.5,4+ Owners,Kolkata,5,Good,True,350000
Kia,Seltos,HTK,2014,Diesel,Automatic,148565,1547,17.7,2nd Owner,Kochi,5,Poor,False,350000
Tata,Safari,Smart,2021,Diesel,Manual,75112,1956,15.3,1st Owner,Ahmedabad,7,Good,True,935000
Kia,Seltos,HTE,2016,Diesel,Manual,135494,1447,16.4,1st Owner,Surat,5,Fair,True,350000
Tata,Tiago,XZ+,2020,Petrol,Manual,52555,1199,20.8,1st Owner,Chennai,5,Fair,True,230000
MG,Hector,Style,2015,Diesel,Manual,139093,1956,14.4,2nd Owner,Jaipur,5,Good,True,350000
Toyota,Innova Crysta,VX,2018,Diesel,Automatic,101260,2393,14.2,1st Owner,Delhi,7,Fair,False,625000
BMW,5 Series,530d M Sport,2016,Petrol,Automatic,109085,1995,18.5,3rd Owner,Hyderabad,5,Excellent,True,1450000
Audi,A4,40 TFSI Technology,2020,Petrol,Automatic,63782,1984,16.3,1st Owner,Vadodara,5,Poor,True,1575000
Mercedes-Benz,E-Class,E 220d,2020,Petrol,Automatic,83885,1993,13.9,1st Owner,Surat,5,Excellent,False,3260000
Renault,Kwid,RXT,2014,Petrol,Automatic,88123,999,21.2,4+ Owners,Ahmedabad,5,Poor,True,120000
Mahindra,XUV700,AX7L,2021,Diesel,Automatic,33322,2184,14.4,3rd Owner,Lucknow,7,Excellent,False,750000
Maruti Suzuki,Ertiga,ZXi,2018,Petrol,Manual,67368,1412,21.3,4+ Owners,Surat,7,Good,False,220000
Maruti Suzuki,Dzire,ZXi,2023,CNG,Manual,27538,1247,23.8,4+ Owners,Mumbai,5,Good,True,315000
Renault,Kiger,RXE,2017,Petrol,Automatic,106184,1049,17.8,2nd Owner,Hyderabad,5,Poor,True,135000
Honda,Amaze,S,2015,Petrol,Manual,120147,1149,17.8,4+ Owners,Mumbai,5,Excellent,False,120000
Maruti Suzuki,Baleno,Delta,2021,Petrol,Automatic,48182,1147,23.7,2nd Owner,Vadodara,5,Excellent,False,350000
BMW,X1,sDrive20i,2016,Diesel,Automatic,103725,2045,16.8,1st Owner,Vadodara,5,Poor,True,845000
Renault,Kwid,CLIMBER,2024,Petrol,Automatic,29937,949,20.6,1st Owner,Pune,5,Good,True,400000
BMW,3 Series,320d Luxury Line,2020,Petrol,Automatic,50325,1945,15.4,3rd Owner,Lucknow,5,Excellent,False,1745000
Honda,Civic,V,2021,Diesel,Automatic,36338,1849,15.8,3rd Owner,Pune,5,Fair,False,675000
Volkswagen,Virtus,GT Plus,2018,Petrol,Automatic,62104,1498,18.4,1st Owner,Hyderabad,5,Poor,False,350000
Mercedes-Benz,C-Class,C 300d,2023,Diesel,Automatic,38859,2043,16.5,1st Owner,Bengaluru,5,Poor,False,2880000
Volkswagen,Polo,Comfortline,2013,Petrol,Automatic,182699,999,17.0,4+ Owners,Surat,5,Fair,True,120000
Tata,Punch,Accomplished,2023,CNG,Manual,33706,1199,21.2,2nd Owner,Kolkata,5,Poor,True,300000
Maruti Suzuki,Ertiga,LXi,2014,CNG,Automatic,91905,1412,20.9,1st Owner,Pune,7,Good,False,200000
Hyundai,Grand i10 Nios,Asta,2021,CNG,Manual,64341,1197,19.3,3rd Owner,Ahmedabad,5,Fair,False,205000
Renault,Triber,RXZ,2013,Petrol,Automatic,123318,949,18.3,2nd Owner,Kolkata,7,Good,False,120000
BMW,3 Series,330i M Sport,2022,Petrol,Automatic,30191,1995,17.4,4+ Owners,Pune,5,Good,False,1910000
Toyota,Fortuner,Legender,2024,Petrol,Manual,19584,2755,14.1,2nd Owner,Jaipur,7,Good,False,2280000
Skoda,Slavia,Active,2014,Petrol,Automatic,147607,1498,18.0,4+ Owners,Jaipur,5,Fair,False,350000
Renault,Kiger,RXT,2022,Petrol,Automatic,32772,949,19.1,1st Owner,Chennai,5,Poor,False,335000
Mahindra,Bolero,B6(O),2014,Diesel,Manual,154317,1493,15.1,3rd Owner,Ahmedabad,7,Good,True,145000
Honda,City,V,2022,Hybrid,Automatic,50442,1448,18.5,4+ Owners,Delhi,5,Poor,False,385000
Honda,Civic,ZX,2021,Petrol,Automatic,51915,1849,17.1,1st Owner,Ahmedabad,5,Good,True,970000
Honda,City,VX,2014,Hybrid,Automatic,139512,1548,18.4,1st Owner,Ahmedabad,5,Good,True,350000
Hyundai,i20,Magna,2020,Petrol,Automatic,36343,1197,20.9,1st Owner,Hyderabad,5,Poor,True,280000
BMW,5 Series,530d M Sport,2021,Diesel,Automatic,60894,1945,17.9,1st Owner,Bengaluru,5,Poor,False,2585000
Honda,Amaze,E,2018,Petrol,Manual,105861,1149,19.6,2nd Owner,Pune,5,Excellent,False,220000
Audi,A6,45 TFSI Premium Plus,2014,Petrol,Automatic,148387,1934,14.7,4+ Owners,Hyderabad,5,Fair,False,685000
Audi,A4,40 TFSI Technology,2018,Petrol,Automatic,91527,1934,18.2,2nd Owner,Mumbai,5,Poor,False,1005000
BMW,5 Series,520d Luxury Line,2023,Diesel,Automatic,40628,1995,16.3,3rd Owner,Surat,5,Excellent,True,3885000
Volkswagen,Taigun,Highline,2018,Petrol,Automatic,104814,1448,16.5,2nd Owner,Hyderabad,5,Poor,True,350000
Volkswagen,Virtus,GT Plus,2024,Petrol,Manual,27398,1548,18.0,1st Owner,Surat,5,Good,False,865000
Tata,Tiago,XM,2024,CNG,Manual,28970,1149,19.7,2nd Owner,Bengaluru,5,Good,False,365000
Maruti Suzuki,Baleno,Sigma,2023,CNG,Automatic,29949,1197,23.7,3rd Owner,Bengaluru,5,Excellent,True,435000
Honda,WR-V,SV,2024,Diesel,Manual,27229,1548,18.7,1st Owner,Delhi,5,Poor,True,540000
Kia,Sonet,HTE,2022,Diesel,Manual,48353,1197,17.5,1st Owner,Hyderabad,5,Poor,True,350000
Audi,Q3,35 TDI Quattro,2017,Diesel,Automatic,66558,1934,15.5,1st Owner,Vadodara,5,Excellent,True,1475000
Mahindra,XUV300,W8,2022,Diesel,Manual,32073,1547,21.4,2nd Owner,Kolkata,5,Poor,False,320000
MG,Astor,Super,2015,Petrol,Manual,112558,1498,13.6,3rd Owner,Delhi,5,Excellent,True,350000
Maruti Suzuki,Dzire,ZXi,2015,CNG,Manual,115023,1197,23.9,2nd Owner,Jaipur,5,Good,False,125000
Honda,WR-V,SV,2016,Diesel,Manual,139507,1448,18.8,4+ Owners,Ahmedabad,5,Fair,True,130000
Mercedes-Benz,E-Class,E 200,2015,Diesel,Automatic,100109,2043,16.3,3rd Owner,Pune,5,Excellent,False,1320000
Mahindra,Thar,LX Diesel AT,2018,Petrol,Automatic,87505,2184,16.2,1st Owner,Hyderabad,4,Poor,False,350000
Honda,WR-V,SV,2020,Diesel,Manual,40641,1498,16.4,2nd Owner,Mumbai,5,Excellent,False,360000
Skoda,Octavia,L&K,2016,Petrol,Automatic,128031,2034,17.2,4+ Owners,Kolkata,5,Fair,False,400000
BMW,3 Series,330i M Sport,2024,Petrol,Automatic,11078,1995,16.5,1st Owner,Delhi,5,Excellent,True,4370000
Toyota,Camry,2.5 Hybrid,2018,Hybrid,Automatic,97846,2487,18.9,3rd Owner,Mumbai,5,Fair,True,1115000
Skoda,Kushaq,Active,2023,Petrol,Automatic,42945,1498,18.1,2nd Owner,Hyderabad,5,Fair,True,730000
Mahindra,Bolero,B6(O),2019,Diesel,Manual,75217,1443,16.4,4+ Owners,Ahmedabad,7,Good,False,240000
Maruti Suzuki,Brezza,ZXi,2015,CNG,Manual,155796,1512,18.8,3rd Owner,Kochi,5,Poor,True,120000
Maruti Suzuki,Brezza,ZXi,2013,Petrol,Automatic,185477,1512,18.8,4+ Owners,Lucknow,5,Fair,True,120000
Mercedes-Benz,C-Class,C 300d,2023,Diesel,Automatic,34861,2043,16.6,3rd Owner,Jaipur,5,Fair,True,2590000
Audi,A4,40 TFSI Premium,2014,Petrol,Automatic,182170,2034,16.9,2nd Owner,Mumbai,5,Fair,False,620000
Audi,Q3,40 TFSI,2020,Diesel,Automatic,79473,1934,15.5,4+ Owners,Bengaluru,5,Excellent,True,1460000
Honda,WR-V,VX,2023,Diesel,Manual,33289,1548,18.3,4+ Owners,Surat,5,Good,True,400000
Hyundai,Alcazar,Prestige,2016,Petrol,Automatic,134948,1443,18.0,1st Owner,Kolkata,7,Good,True,450000
Toyota,Glanza,G,2020,CNG,Automatic,55784,1147,22.0,4+ Owners,Kolkata,5,Fair,True,215000
Skoda,Octavia,L&K,2020,Petrol,Automatic,73264,2034,15.2,2nd Owner,Chennai,5,Fair,True,1025000
Audi,A4,40 TFSI Technology,2024,Petrol,Automatic,12832,1984,17.1,4+ Owners,Jaipur,5,Poor,False,1755000
Audi,A4,40 TFSI Premium,2020,Petrol,Automatic,68185,1984,17.7,3rd Owner,Hyderabad,5,Fair,True,1425000
Mercedes-Benz,E-Class,E 220d,2023,Petrol,Automatic,17388,2043,15.7,3rd Owner,Surat,5,Excellent,False,4115000
Mahindra,Bolero,B4,2016,Diesel,Manual,116260,1543,17.4,3rd Owner,Vadodara,7,Poor,False,130000
Tata,Punch,Adventure,2019,CNG,Manual,40143,1199,19.9,1st Owner,Delhi,5,Excellent,True,295000
Renault,Kiger,RXT,2019,Petrol,Manual,102092,999,20.6,1st Owner,Jaipur,5,Excellent,False,265000
BMW,5 Series,530d M Sport,2019,Diesel,Automatic,78797,1995,17.2,1st Owner,Jaipur,5,Poor,False,1895000
Toyota,Camry,2.5 Hybrid,2019,Hybrid,Automatic,45922,2487,19.7,3rd Owner,Ahmedabad,5,Fair,False,1230000
MG,Hector,Smart,2024,Petrol,Manual,15645,2006,14.8,2nd Owner,Kolkata,5,Poor,False,770000
Mahindra,Scorpio-N,Z8,2023,Petrol,Automatic,25134,2184,13.2,1st Owner,Pune,7,Excellent,True,1230000
Skoda,Kushaq,Monte Carlo,2013,Petrol,Automatic,146884,1448,17.0,1st Owner,Chennai,5,Poor,False,350000
Volkswagen,Taigun,Topline,2015,Petrol,Manual,125282,1498,16.6,2nd Owner,Surat,5,Good,False,350000
Audi,A6,45 TFSI Premium Plus,2021,Petrol,Automatic,59541,1984,13.5,2nd Owner,Delhi,5,Good,False,2715000
MG,Hector,Style,2015,Diesel,Automatic,101627,1956,16.6,1st Owner,Pune,5,Good,False,360000
BMW,3 Series,330i M Sport,2021,Diesel,Automatic,39300,1995,16.7,1st Owner,Bengaluru,5,Poor,False,1840000
Skoda,Slavia,Ambition,2020,Petrol,Manual,61959,1448,19.8,1st Owner,Chandigarh,5,Good,False,510000
Renault,Kwid,RXT,2024,Petrol,Manual,26525,999,23.1,2nd Owner,Chennai,5,Good,True,330000
Tata,Nexon,Creative,2022,Diesel,Manual,25072,1149,16.1,3rd Owner,Bengaluru,5,Poor,True,300000
Hyundai,Verna,SX(O),2014,Petrol,Manual,89921,1547,18.2,2nd Owner,Lucknow,5,Excellent,True,350000
Maruti Suzuki,Dzire,LXi,2017,CNG,Manual,123545,1247,22.9,1st Owner,Mumbai,5,Poor,False,135000
Toyota,Glanza,G,2020,CNG,Automatic,60338,1197,23.8,3rd Owner,Delhi,5,Good,True,270000
Renault,Kiger,RXT,2018,Petrol,Manual,103674,1049,17.8,1st Owner,Mumbai,5,Poor,True,175000
BMW,5 Series,530d M Sport,2024,Petrol,Automatic,18553,2045,16.3,3rd Owner,Bengaluru,5,Excellent,False,4285000
Kia,Carens,Prestige,2015,Petrol,Automatic,132718,1447,17.0,4+ Owners,Lucknow,7,Poor,True,350000
Honda,WR-V,VX,2022,Petrol,Manual,26384,1548,16.7,3rd Owner,Kolkata,5,Good,True,430000
Volkswagen,Virtus,Highline,2015,Petrol,Manual,77983,1498,18.8,4+ Owners,Surat,5,Good,False,350000
Skoda,Kushaq,Active,2015,Petrol,Manual,120690,1448,19.1,1st Owner,Pune,5,Excellent,True,350000
Skoda,Kushaq,Active,2019,Petrol,Automatic,44125,1448,17.2,4+ Owners,Kochi,5,Fair,False,350000
Toyota,Camry,2.5 Hybrid,2024,Hybrid,Automatic,12975,2487,20.2,3rd Owner,Ahmedabad,5,Poor,False,2050000
Hyundai,Venue,S+,2023,Diesel,Automatic,24225,1247,17.7,4+ Owners,Surat,5,Poor,False,305000
Renault,Kiger,RXE,2014,Petrol,Automatic,85135,1049,18.0,2nd Owner,Lucknow,5,Excellent,True,150000
Mercedes-Benz,GLC,GLC 220d,2021,Diesel,Automatic,56786,2043,14.0,4+ Owners,Delhi,5,Excellent,True,2405000
Honda,WR-V,SV,2024,Diesel,Manual,18816,1548,17.7,3rd Owner,Delhi,5,Excellent,False,555000
Renault,Kiger,RXE,2018,Petrol,Automatic,103835,1049,18.3,3rd Owner,Delhi,5,Poor,False,135000
Maruti Suzuki,Wagon R,ZXi,2016,Petrol,Automatic,136968,1048,24.5,4+ Owners,Lucknow,5,Poor,False,120000
MG,Hector,Shine,2018,Petrol,Manual,115579,2006,15.9,1st Owner,Kochi,5,Excellent,True,500000
Mahindra,XUV700,MX,2019,Diesel,Automatic,104258,2184,14.5,4+ Owners,Kolkata,7,Poor,False,350000
Renault,Triber,RXT,2018,Petrol,Automatic,83831,1049,18.5,4+ Owners,Pune,7,Good,True,160000
MG,Hector,Style,2020,Diesel,Automatic,67011,2006,16.4,4+ Owners,Chennai,5,Poor,False,350000
MG,Hector,Smart,2021,Diesel,Manual,68375,1956,16.6,1st Owner,Kochi,5,Poor,False,525000
Honda,WR-V,VX,2018,Diesel,Manual,98084,1498,18.7,4+ Owners,Kolkata,5,Poor,True,155000
Maruti Suzuki,Swift,VXi,2018,Petrol,Manual,64936,1147,23.3,1st Owner,Kochi,5,Fair,False,190000
Tata,Punch,Accomplished,2015,Petrol,Automatic,163103,1199,20.8,2nd Owner,Kolkata,5,Poor,False,120000
Renault,Kiger,RXZ,2017,Petrol,Manual,70496,949,18.4,2nd Owner,Hyderabad,5,Fair,True,160000
Audi,A6,45 TFSI Premium Plus,2020,Petrol,Automatic,90343,1984,15.6,4+ Owners,Delhi,5,Fair,False,1590000
Kia,Seltos,HTX,2016,Petrol,Automatic,69866,1497,18.1,4+ Owners,Vadodara,5,Good,False,350000
MG,Astor,Super,2019,Petrol,Manual,52787,1548,14.9,3rd Owner,Ahmedabad,5,Poor,True,350000
Mahindra,Thar,AX(O),2014,Diesel,Automatic,114784,2184,16.3,4+ Owners,Kolkata,4,Fair,False,350000
Hyundai,i20,Asta(O),2015,Petrol,Automatic,107278,1197,20.3,3rd Owner,Chennai,5,Poor,True,120000
Renault,Kwid,CLIMBER,2018,Petrol,Manual,111227,999,21.9,3rd Owner,Delhi,5,Good,False,120000
Mercedes-Benz,E-Class,E 350d,2015,Diesel,Automatic,87109,1993,15.4,2nd Owner,Jaipur,5,Good,False,1500000
Volkswagen,Taigun,GT,2020,Petrol,Automatic,74508,1548,19.0,4+ Owners,Mumbai,5,Fair,False,350000
Renault,Triber,LXL,2023,Petrol,Manual,44026,999,19.5,1st Owner,Pune,7,Poor,True,340000
BMW,3 Series,320d Sport,2017,Petrol,Automatic,113654,1995,17.2,3rd Owner,Hyderabad,5,Fair,False,955000
Maruti Suzuki,Swift,LXi,2014,CNG,Automatic,166352,1147,23.1,3rd Owner,Hyderabad,5,Excellent,False,120000
Volkswagen,Virtus,Highline,2018,Petrol,Automatic,115109,1498,17.9,2nd Owner,Pune,5,Fair,False,350000
Kia,Carens,Luxury,2023,Diesel,Automatic,29663,1447,15.7,2nd Owner,Jaipur,7,Fair,False,625000
Maruti Suzuki,Wagon R,VXi,2024,CNG,Automatic,28083,948,25.7,4+ Owners,Mumbai,5,Good,False,315000
Hyundai,i20,Asta(O),2015,Petrol,Manual,123692,1147,19.8,4+ Owners,Delhi,5,Fair,False,120000
Volkswagen,Polo,Trendline,2017,Petrol,Automatic,90972,949,18.4,3rd Owner,Chandigarh,5,Fair,True,145000
Honda,Civic,VX,2018,Diesel,Automatic,67632,1749,15.6,4+ Owners,Delhi,5,Excellent,True,480000
Renault,Kiger,RXE,2023,Petrol,Manual,36120,999,19.0,3rd Owner,Chandigarh,5,Excellent,False,380000
BMW,X1,sDrive20d,2021,Diesel,Automatic,40533,2045,15.3,3rd Owner,Chandigarh,5,Good,False,1735000
MG,Hector,Smart,2016,Diesel,Automatic,101369,2006,16.7,4+ Owners,Mumbai,5,Poor,True,350000
Tata,Altroz,XZ+,2016,Diesel,Manual,94776,1199,20.3,2nd Owner,Chandigarh,5,Excellent,True,165000
Maruti Suzuki,Grand Vitara,Zeta,2015,Hybrid,Automatic,109935,1490,29.0,2nd Owner,Pune,5,Poor,False,350000
Audi,A4,40 TFSI Technology,2021,Petrol,Automatic,27744,1984,17.9,2nd Owner,Kochi,5,Fair,False,1990000
Skoda,Slavia,Ambition,2013,Petrol,Automatic,119449,1448,19.7,4+ Owners,Kochi,5,Fair,True,350000
Skoda,Octavia,L&K,2019,Petrol,Automatic,54580,1934,16.7,2nd Owner,Delhi,5,Fair,True,900000
Tata,Safari,Smart,2014,Diesel,Manual,138511,1956,17.7,3rd Owner,Kolkata,7,Fair,False,350000
Mahindra,XUV700,AX3,2018,Diesel,Automatic,82787,2184,12.8,1st Owner,Kochi,7,Fair,True,505000
Volkswagen,Virtus,Comfortline,2023,Petrol,Manual,20223,1548,19.6,1st Owner,Surat,5,Good,False,820000
BMW,5 Series,530d M Sport,2014,Diesel,Automatic,88042,1995,17.9,2nd Owner,Mumbai,5,Excellent,False,1250000
Honda,Amaze,E,2018,Petrol,Manual,58591,1149,18.4,2nd Owner,Ahmedabad,5,Excellent,True,225000
Volkswagen,Taigun,Topline,2020,Petrol,Manual,39948,1548,18.3,4+ Owners,Delhi,5,Good,False,375000
BMW,X1,sDrive20i,2013,Diesel,Automatic,177893,2045,16.0,1st Owner,Kolkata,5,Good,True,680000
Skoda,Octavia,L&K,2021,Petrol,Automatic,42643,1984,16.7,2nd Owner,Mumbai,5,Good,True,1345000
Toyota,Glanza,V,2017,CNG,Automatic,95798,1247,22.6,4+ Owners,Mumbai,5,Fair,True,140000
Maruti Suzuki,Alto,LXi,2022,Petrol,Manual,24771,796,23.6,1st Owner,Surat,5,Poor,True,165000
Hyundai,Alcazar,Platinum,2021,Petrol,Manual,67456,1443,18.3,4+ Owners,Mumbai,7,Poor,False,385000
Mahindra,XUV700,MX,2022,Petrol,Automatic,34661,2184,15.4,4+ Owners,Kochi,7,Excellent,True,720000
Kia,Carens,Premium,2021,Diesel,Automatic,57062,1447,15.4,2nd Owner,Hyderabad,7,Fair,True,510000
Audi,A6,45 TFSI Premium Plus,2023,Petrol,Automatic,39996,1984,13.3,3rd Owner,Lucknow,5,Excellent,False,3425000
Toyota,Camry,2.5 Hybrid,2024,Hybrid,Automatic,11519,2487,19.8,3rd Owner,Mumbai,5,Excellent,True,3300000
Honda,Amaze,E,2022,Petrol,Automatic,61532,1249,18.8,2nd Owner,Pune,5,Poor,True,295000
Volkswagen,Virtus,GT Plus,2024,Petrol,Manual,14729,1498,18.6,1st Owner,Chandigarh,5,Fair,True,805000
BMW,5 Series,520d Luxury Line,2018,Petrol,Automatic,86069,1945,18.2,3rd Owner,Hyderabad,5,Good,False,1715000
Toyota,Fortuner,Legender,2019,Diesel,Automatic,88945,2755,12.7,3rd Owner,Hyderabad,7,Fair,False,970000
MG,Astor,Super,2014,Petrol,Manual,80489,1448,13.8,4+ Owners,Surat,5,Poor,False,350000
Volkswagen,Taigun,Topline,2014,Petrol,Automatic,179318,1548,18.9,3rd Owner,Surat,5,Poor,True,350000
Skoda,Slavia,Ambition,2019,Petrol,Automatic,73858,1498,17.2,3rd Owner,Lucknow,5,Fair,False,350000
Hyundai,Creta,E,2013,Diesel,Automatic,162549,1497,16.4,3rd Owner,Ahmedabad,5,Fair,False,350000
Renault,Triber,LXL,2015,Petrol,Manual,123655,999,18.3,1st Owner,Kochi,7,Good,True,145000
Toyota,Camry,2.5 Hybrid,2024,Hybrid,Automatic,28424,2487,19.8,2nd Owner,Lucknow,5,Poor,True,2370000
Tata,Safari,Accomplished,2013,Diesel,Automatic,178355,2006,15.9,1st Owner,Kochi,7,Good,False,350000
Honda,Civic,VX,2022,Petrol,Automatic,25967,1749,17.8,2nd Owner,Pune,5,Excellent,True,1100000
Kia,Seltos,HTK,2023,Petrol,Automatic,43274,1497,16.1,2nd Owner,Hyderabad,5,Good,True,805000
Honda,Amaze,S,2017,Petrol,Manual,109599,1199,18.8,3rd Owner,Surat,5,Good,True,165000
Mahindra,XUV700,AX3,2018,Diesel,Automatic,88647,2184,14.3,1st Owner,Bengaluru,7,Fair,True,515000
Audi,A4,40 TFSI Premium,2019,Petrol,Automatic,104410,1984,17.5,3rd Owner,Hyderabad,5,Excellent,True,1560000
MG,Hector,Smart,2015,Diesel,Automatic,120390,2006,16.7,3rd Owner,Hyderabad,5,Poor,False,350000
Toyota,Innova Crysta,VX,2018,Diesel,Automatic,108292,2393,15.5,4+ Owners,Jaipur,7,Poor,True,365000
Maruti Suzuki,Dzire,VXi,2015,Petrol,Manual,83414,1147,25.3,1st Owner,Chandigarh,5,Fair,False,140000
Honda,Amaze,VX,2020,Petrol,Manual,91197,1149,19.6,1st Owner,Chennai,5,Good,False,305000
Mercedes-Benz,E-Class,E 220d,2022,Petrol,Automatic,50782,1993,13.8,1st Owner,Hyderabad,5,Good,True,4495000
Skoda,Slavia,Ambition,2013,Petrol,Automatic,91408,1448,18.6,3rd Owner,Pune,5,Excellent,True,350000
Tata,Tiago,XM,2024,Electric,Manual,18707,1199,19.4,3rd Owner,Delhi,5,Poor,False,245000
Renault,Kwid,RXT,2013,Petrol,Automatic,164556,999,21.5,1st Owner,Kochi,5,Excellent,False,120000
MG,Astor,Smart,2017,Petrol,Manual,90409,1448,14.7,3rd Owner,Chennai,5,Good,True,350000
Mahindra,Bolero,B6,2015,Diesel,Manual,142472,1543,16.4,4+ Owners,Mumbai,7,Excellent,False,140000
Renault,Kwid,RXT,2015,Petrol,Automatic,79985,1049,22.5,3rd Owner,Jaipur,5,Excellent,False,120000
Mahindra,Thar,LX Diesel AT,2014,Diesel,Automatic,165194,2184,13.8,2nd Owner,Pune,4,Excellent,True,350000
Audi,Q3,35 TDI Quattro,2021,Diesel,Automatic,49231,2034,14.7,4+ Owners,Lucknow,5,Excellent,False,1630000
Audi,A4,40 TFSI Technology,2022,Petrol,Automatic,32386,2034,18.8,3rd Owner,Pune,5,Excellent,True,2380000
Honda,Civic,V,2017,Petrol,Automatic,124281,1799,15.9,1st Owner,Kochi,5,Fair,True,475000
Mercedes-Benz,E-Class,E 220d,2022,Diesel,Automatic,47394,1993,15.3,2nd Owner,Surat,5,Excellent,True,4070000
Renault,Triber,RXZ,2016,Petrol,Automatic,137455,999,18.4,3rd Owner,Hyderabad,7,Fair,False,120000
Volkswagen,Polo,GT TSI,2015,Petrol,Automatic,149684,999,19.4,3rd Owner,Hyderabad,5,Excellent,True,125000
Renault,Kwid,RXT,2017,Petrol,Automatic,73277,999,22.2,4+ Owners,Mumbai,5,Excellent,True,120000
Maruti Suzuki,Baleno,Alpha,2024,CNG,Automatic,23301,1197,21.8,2nd Owner,Ahmedabad,5,Poor,True,370000
Toyota,Innova Crysta,GX,2016,Diesel,Manual,66074,2393,15.8,3rd Owner,Lucknow,7,Excellent,True,460000
Tata,Safari,Pure,2014,Diesel,Automatic,107226,1956,15.7,1st Owner,Chennai,7,Poor,False,350000
Mercedes-Benz,C-Class,C 220d,2023,Petrol,Automatic,23835,1943,18.3,3rd Owner,Kolkata,5,Fair,True,2660000
Skoda,Octavia,Style,2023,Petrol,Automatic,42303,1984,16.7,1st Owner,Pune,5,Good,True,2055000
Tata,Safari,Pure,2024,Diesel,Automatic,22339,1956,14.8,2nd Owner,Bengaluru,7,Excellent,True,1475000
MG,Hector,Sharp Pro,2017,Diesel,Automatic,65061,1956,14.7,4+ Owners,Hyderabad,5,Fair,False,350000
Maruti Suzuki,Ertiga,VXi,2023,Petrol,Manual,41758,1512,19.4,1st Owner,Surat,7,Poor,False,475000
Mercedes-Benz,E-Class,E 350d,2016,Petrol,Automatic,100427,2043,13.6,3rd Owner,Lucknow,5,Good,True,1565000
BMW,5 Series,520d Luxury Line,2021,Diesel,Automatic,60872,1945,16.6,1st Owner,Hyderabad,5,Good,True,3665000
Honda,WR-V,VX,2016,Petrol,Manual,89388,1498,16.9,2nd Owner,Bengaluru,5,Fair,False,180000
Maruti Suzuki,Ciaz,Zeta,2016,Petrol,Manual,68960,1412,19.5,3rd Owner,Delhi,5,Poor,True,135000
Audi,A4,40 TFSI Technology,2014,Petrol,Automatic,91630,1984,16.9,4+ Owners,Mumbai,5,Fair,True,570000
Tata,Tiago,XT,2018,CNG,Automatic,54617,1249,20.4,3rd Owner,Lucknow,5,Fair,True,140000
Honda,City,VX,2021,Petrol,Manual,52091,1448,17.3,2nd Owner,Surat,5,Fair,False,500000
Hyundai,Grand i10 Nios,Asta,2014,CNG,Automatic,135604,1197,22.0,4+ Owners,Ahmedabad,5,Good,True,120000
MG,Hector,Smart,2019,Petrol,Manual,89349,2006,15.5,1st Owner,Vadodara,5,Fair,False,475000
Tata,Nexon,Smart,2020,Diesel,Manual,63412,1199,16.4,3rd Owner,Chandigarh,5,Poor,False,220000
Kia,Carens,Luxury Plus,2020,Petrol,Automatic,54195,1547,17.9,1st Owner,Jaipur,7,Excellent,True,570000
Hyundai,Verna,SX(O),2024,Petrol,Manual,17531,1497,19.6,1st Owner,Jaipur,5,Good,True,870000
Kia,Carens,Premium,2019,Petrol,Manual,93073,1497,17.1,3rd Owner,Delhi,7,Fair,False,350000
Maruti Suzuki,Wagon R,ZXi,2013,CNG,Automatic,168027,948,24.8,2nd Owner,Jaipur,5,Excellent,True,120000
Tata,Tiago,XZ+,2015,Petrol,Manual,121657,1149,20.4,4+ Owners,Hyderabad,5,Fair,False,120000
Volkswagen,Polo,Comfortline,2024,Petrol,Manual,16187,1049,18.0,3rd Owner,Delhi,5,Fair,False,365000
Renault,Kiger,RXE,2019,Petrol,Manual,74190,999,18.4,1st Owner,Ahmedabad,5,Poor,False,190000
Hyundai,Grand i10 Nios,Sportz,2020,Petrol,Manual,78758,1197,20.5,3rd Owner,Vadodara,5,Fair,False,170000
Toyota,Innova Crysta,GX,2021,Diesel,Automatic,45561,2393,13.6,1st Owner,Bengaluru,7,Fair,False,970000
Mercedes-Benz,C-Class,C 220d,2020,Diesel,Automatic,56085,2043,16.0,4+ Owners,Kolkata,5,Poor,True,1315000
Tata,Safari,Smart,2018,Diesel,Automatic,64350,1906,15.2,1st Owner,Bengaluru,7,Fair,False,575000
Maruti Suzuki,Swift,ZXi,2017,Petrol,Manual,88906,1197,22.7,2nd Owner,Jaipur,5,Poor,True,120000
Hyundai,Venue,S,2013,Petrol,Automatic,135595,1147,18.3,1st Owner,Mumbai,5,Excellent,True,160000
Mahindra,XUV700,AX7L,2017,Petrol,Manual,127058,2184,12.8,4+ Owners,Pune,7,Fair,False,350000
Tata,Altroz,XZ+,2020,CNG,Manual,68944,1249,19.6,4+ Owners,Bengaluru,5,Good,False,200000
Mercedes-Benz,E-Class,E 350d,2019,Petrol,Automatic,59113,1943,13.6,2nd Owner,Chennai,5,Excellent,False,2650000
Volkswagen,Taigun,Comfortline,2015,Petrol,Manual,136992,1548,18.5,3rd Owner,Delhi,5,Good,True,350000
Kia,Sonet,GTX+,2013,Petrol,Manual,122401,1197,18.5,3rd Owner,Kochi,5,Fair,False,120000
Maruti Suzuki,Ciaz,Alpha,2016,Petrol,Manual,111772,1462,19.7,3rd Owner,Lucknow,5,Fair,False,150000
Maruti Suzuki,Brezza,VXi,2017,Petrol,Automatic,138053,1462,18.9,1st Owner,Hyderabad,5,Poor,True,200000
Toyota,Glanza,E,2016,Petrol,Manual,143837,1247,21.3,4+ Owners,Vadodara,5,Excellent,False,125000
Renault,Kwid,CLIMBER,2013,Petrol,Manual,83533,999,23.3,1st Owner,Lucknow,5,Excellent,True,120000
Mercedes-Benz,GLC,GLC 220d,2024,Diesel,Automatic,17663,2043,14.7,2nd Owner,Chennai,5,Excellent,True,4655000
Hyundai,Verna,EX,2016,Petrol,Manual,75856,1497,17.1,3rd Owner,Delhi,5,Good,True,350000
Hyundai,Venue,SX(O),2023,Petrol,Automatic,36703,1147,17.5,4+ Owners,Mumbai,5,Fair,True,390000
Kia,Sonet,HTE,2017,Diesel,Manual,60553,1147,17.2,3rd Owner,Kochi,5,Poor,False,135000
Tata,Punch,Creative,2018,CNG,Automatic,58614,1249,19.3,2nd Owner,Hyderabad,5,Poor,False,150000
MG,Astor,Style,2022,Petrol,Manual,30727,1498,15.5,3rd Owner,Delhi,5,Good,False,510000
Hyundai,Creta,SX,2013,Petrol,Manual,172244,1497,16.0,1st Owner,Surat,5,Excellent,False,350000
Kia,Seltos,HTE,2023,Petrol,Manual,24060,1547,16.7,3rd Owner,Chennai,5,Poor,True,465000
Honda,Civic,V,2019,Diesel,Automatic,49644,1799,15.9,4+ Owners,Kolkata,5,Fair,False,465000
MG,Astor,Smart,2021,Petrol,Automatic,31027,1498,15.7,1st Owner,Mumbai,5,Poor,False,410000
Hyundai,Venue,SX,2016,Diesel,Automatic,110012,1147,18.4,1st Owner,Kolkata,5,Excellent,True,260000
Hyundai,Venue,E,2022,Diesel,Manual,26947,1247,16.1,1st Owner,Chennai,5,Fair,False,425000
Mercedes-Benz,E-Class,E 200,2022,Diesel,Automatic,42030,1943,14.2,3rd Owner,Vadodara,5,Poor,False,2445000
Tata,Punch,Pure,2020,Petrol,Manual,60917,1149,21.2,1st Owner,Chennai,5,Good,False,290000
Mahindra,XUV700,AX7,2024,Petrol,Automatic,26810,2184,12.8,4+ Owners,Hyderabad,7,Fair,False,800000
Tata,Harrier,Fearless,2024,Diesel,Manual,28052,1956,17.9,2nd Owner,Lucknow,5,Good,False,1150000
Kia,Carens,Luxury Plus,2023,Petrol,Automatic,21798,1497,16.7,1st Owner,Kochi,7,Poor,False,600000
Maruti Suzuki,Alto,Std,2018,CNG,Manual,110359,796,24.6,2nd Owner,Delhi,5,Excellent,False,120000
Maruti Suzuki,Alto,VXi,2022,Petrol,Manual,43673,796,24.4,4+ Owners,Mumbai,5,Excellent,False,160000
MG,Astor,Smart,2020,Petrol,Manual,59432,1548,13.7,1st Owner,Surat,5,Poor,False,355000
Renault,Kwid,CLIMBER,2018,Petrol,Manual,87542,1049,23.3,4+ Owners,Mumbai,5,Excellent,True,120000
Mercedes-Benz,C-Class,C 300d,2024,Petrol,Automatic,25652,1943,16.6,4+ Owners,Hyderabad,5,Fair,False,2740000
BMW,X1,sDrive20d,2015,Petrol,Automatic,62977,2045,17.0,2nd Owner,Vadodara,5,Good,False,905000
Kia,Carens,Premium,2023,Diesel,Automatic,23503,1547,17.8,1st Owner,Mumbai,7,Fair,False,730000
Volkswagen,Polo,GT TSI,2023,Petrol,Automatic,37025,1049,18.0,2nd Owner,Bengaluru,5,Excellent,True,470000
Maruti Suzuki,Alto,Std,2014,CNG,Manual,99767,796,23.4,2nd Owner,Lucknow,5,Excellent,True,120000
Toyota,Fortuner,Legender,2022,Petrol,Automatic,56309,2755,13.7,1st Owner,Ahmedabad,7,Poor,False,1480000
Audi,A4,40 TFSI Premium,2016,Petrol,Automatic,91054,1934,18.3,2nd Owner,Vadodara,5,Poor,False,810000
Tata,Safari,Pure,2020,Diesel,Automatic,51315,1956,15.4,4+ Owners,Kochi,7,Fair,False,510000
Skoda,Kushaq,Ambition,2024,Petrol,Automatic,26472,1448,16.6,2nd Owner,Hyderabad,5,Excellent,False,900000
Renault,Kiger,RXZ,2013,Petrol,Automatic,177393,999,18.6,3rd Owner,Chandigarh,5,Excellent,False,120000
Tata,Safari,Accomplished,2022,Diesel,Manual,44957,2006,15.3,3rd Owner,Ahmedabad,7,Good,False,790000
Kia,Seltos,GTX+,2019,Petrol,Manual,57833,1497,17.0,1st Owner,Jaipur,5,Excellent,True,515000
Mahindra,Bolero,B6(O),2022,Diesel,Manual,42360,1543,15.1,3rd Owner,Kolkata,7,Fair,False,360000
MG,Hector,Smart,2024,Diesel,Automatic,12000,1906,15.7,2nd Owner,Ahmedabad,5,Poor,True,815000
Skoda,Kushaq,Ambition,2018,Petrol,Automatic,102201,1448,16.9,3rd Owner,Surat,5,Good,True,350000
Mercedes-Benz,C-Class,C 300d,2013,Diesel,Automatic,127604,2043,18.2,2nd Owner,Chandigarh,5,Good,False,870000
Skoda,Slavia,Style,2020,Petrol,Manual,43516,1498,19.0,2nd Owner,Delhi,5,Good,False,445000
Kia,Sonet,HTX,2021,Diesel,Manual,41103,1197,17.3,1st Owner,Chandigarh,5,Poor,True,320000
Tata,Altroz,XZ,2017,CNG,Manual,117037,1199,19.6,4+ Owners,Kochi,5,Good,False,130000
Tata,Altroz,XT,2018,Diesel,Manual,46852,1199,20.5,1st Owner,Jaipur,5,Excellent,False,255000
Mercedes-Benz,E-Class,E 350d,2015,Petrol,Automatic,96570,2043,13.6,2nd Owner,Ahmedabad,5,Excellent,False,1475000
Honda,WR-V,SV,2015,Petrol,Manual,100760,1548,16.4,3rd Owner,Hyderabad,5,Poor,False,120000
Renault,Kwid,CLIMBER,2022,Petrol,Manual,34136,1049,21.7,1st Owner,Ahmedabad,5,Poor,False,215000
Volkswagen,Polo,Highline,2013,Petrol,Manual,78464,999,17.5,3rd Owner,Delhi,5,Excellent,False,120000
Kia,Sonet,GTX+,2013,Petrol,Automatic,141216,1247,17.0,3rd Owner,Surat,5,Excellent,False,120000
Tata,Altroz,XZ,2024,Petrol,Manual,17091,1149,18.2,1st Owner,Pune,5,Excellent,False,570000
BMW,5 Series,520d Luxury Line,2024,Petrol,Automatic,21471,2045,16.9,2nd Owner,Surat,5,Good,True,4585000
Mercedes-Benz,GLC,GLC 220d,2018,Petrol,Automatic,107311,1943,14.2,3rd Owner,Surat,5,Excellent,False,1690000
Kia,Seltos,HTX,2024,Petrol,Automatic,11275,1447,15.8,3rd Owner,Kochi,5,Good,False,775000
MG,Astor,Super,2020,Petrol,Manual,72165,1448,13.5,4+ Owners,Chennai,5,Excellent,True,350000
Mahindra,Bolero,B6(O),2013,Diesel,Manual,196839,1443,16.9,3rd Owner,Lucknow,7,Good,True,120000
Honda,WR-V,VX,2024,Diesel,Manual,14672,1498,18.2,3rd Owner,Chandigarh,5,Poor,False,385000
Volkswagen,Polo,Trendline,2014,Petrol,Automatic,179445,949,18.8,3rd Owner,Kolkata,5,Poor,True,120000
Toyota,Glanza,E,2014,CNG,Manual,146809,1247,22.2,1st Owner,Kochi,5,Excellent,False,140000
Tata,Punch,Pure,2016,Petrol,Automatic,147629,1149,18.5,2nd Owner,Chennai,5,Poor,False,120000
Hyundai,i20,Sportz,2013,Petrol,Automatic,158881,1247,19.2,2nd Owner,Surat,5,Poor,True,120000
MG,Astor,Sharp,2013,Petrol,Manual,192887,1548,14.9,3rd Owner,Lucknow,5,Good,False,350000
Skoda,Octavia,L&K,2021,Petrol,Automatic,52893,1984,16.4,1st Owner,Surat,5,Excellent,True,1600000
Volkswagen,Polo,Highline,2022,Petrol,Automatic,48066,1049,19.4,3rd Owner,Lucknow,5,Fair,False,270000
Maruti Suzuki,Grand Vitara,Alpha,2022,Petrol,Automatic,35193,1540,28.7,3rd Owner,Chennai,5,Good,False,610000
Audi,A6,45 TFSI Premium Plus,2024,Petrol,Automatic,20577,1984,14.3,2nd Owner,Chandigarh,5,Fair,True,3980000
Renault,Kiger,RXZ,2019,Petrol,Automatic,97972,949,20.4,4+ Owners,Pune,5,Poor,True,140000
Skoda,Kushaq,Ambition,2017,Petrol,Automatic,81971,1498,18.4,1st Owner,Kochi,5,Poor,False,350000
Hyundai,Alcazar,Signature,2016,Diesel,Manual,64479,1543,18.2,4+ Owners,Chandigarh,7,Good,True,350000
BMW,X1,sDrive20i,2017,Petrol,Automatic,84579,2045,16.6,3rd Owner,Bengaluru,5,Fair,True,925000
Honda,City,V,2023,Hybrid,Automatic,26210,1498,17.0,3rd Owner,Kochi,5,Excellent,False,740000
Tata,Harrier,Smart,2016,Diesel,Manual,100638,1956,16.8,3rd Owner,Ahmedabad,5,Fair,True,350000
BMW,5 Series,530d M Sport,2018,Diesel,Automatic,51925,1945,16.0,1st Owner,Kolkata,5,Fair,True,2065000
Toyota,Glanza,G,2022,CNG,Automatic,47485,1147,21.1,2nd Owner,Vadodara,5,Excellent,True,430000
BMW,3 Series,330i M Sport,2018,Petrol,Automatic,98805,1945,15.1,2nd Owner,Jaipur,5,Good,True,1460000
Toyota,Glanza,V,2021,CNG,Manual,30560,1197,21.9,3rd Owner,Chandigarh,5,Fair,True,255000
Kia,Seltos,HTX,2019,Petrol,Automatic,103145,1547,17.3,3rd Owner,Kochi,5,Good,True,390000
Volkswagen,Taigun,Highline,2022,Petrol,Automatic,47515,1448,17.9,2nd Owner,Ahmedabad,5,Poor,True,535000
Kia,Carens,Premium,2015,Petrol,Manual,80452,1497,17.8,1st Owner,Ahmedabad,7,Excellent,False,350000
Maruti Suzuki,Alto,VXi,2020,Petrol,Manual,67264,746,23.3,2nd Owner,Chandigarh,5,Good,False,140000
Maruti Suzuki,Grand Vitara,Alpha,2022,Hybrid,Manual,33769,1440,28.6,2nd Owner,Vadodara,5,Good,True,650000
MG,Hector,Shine,2022,Diesel,Manual,27408,1956,15.0,4+ Owners,Delhi,5,Good,True,650000
Maruti Suzuki,Swift,VXi,2015,Petrol,Automatic,146685,1147,22.2,1st Owner,Pune,5,Fair,False,125000
Skoda,Octavia,L&K,2015,Petrol,Automatic,137297,1934,14.8,1st Owner,Delhi,5,Good,False,640000
Skoda,Slavia,Ambition,2017,Petrol,Automatic,112164,1548,18.0,3rd Owner,Kolkata,5,Poor,True,350000
Kia,Carens,Premium,2023,Diesel,Automatic,38173,1547,16.9,3rd Owner,Bengaluru,7,Fair,False,540000
Skoda,Kushaq,Style,2020,Petrol,Automatic,40613,1448,18.8,3rd Owner,Ahmedabad,5,Fair,False,405000
Mercedes-Benz,C-Class,C 200,2014,Petrol,Automatic,107049,1993,15.9,1st Owner,Kochi,5,Good,True,1190000
MG,Hector,Sharp Pro,2017,Petrol,Automatic,53972,1956,14.9,4+ Owners,Delhi,5,Poor,True,350000
BMW,X1,sDrive20i,2021,Petrol,Automatic,38656,1995,15.7,4+ Owners,Lucknow,5,Fair,True,1345000
Renault,Kiger,RXE,2014,Petrol,Automatic,100158,949,20.5,3rd Owner,Delhi,5,Poor,True,120000
Renault,Kwid,CLIMBER,2021,Petrol,Automatic,28166,999,20.5,4+ Owners,Kolkata,5,Excellent,False,185000
Volkswagen,Taigun,Comfortline,2024,Petrol,Automatic,18299,1498,17.0,4+ Owners,Jaipur,5,Fair,False,620000
Volkswagen,Polo,Comfortline,2023,Petrol,Automatic,18968,999,19.6,1st Owner,Mumbai,5,Excellent,True,535000
Maruti Suzuki,Baleno,Alpha,2021,CNG,Manual,40658,1197,21.5,3rd Owner,Vadodara,5,Fair,False,235000
Mercedes-Benz,GLC,GLC 220d,2024,Petrol,Automatic,10877,2043,13.7,4+ Owners,Pune,5,Poor,False,2525000
MG,Astor,Super,2022,Petrol,Automatic,54642,1498,15.8,2nd Owner,Pune,5,Good,False,585000
MG,Astor,Super,2013,Petrol,Manual,164794,1448,14.3,2nd Owner,Kolkata,5,Fair,True,350000
Mercedes-Benz,GLC,GLC 300,2014,Petrol,Automatic,161920,1993,15.6,4+ Owners,Surat,5,Poor,False,570000
BMW,X1,sDrive20i,2013,Diesel,Automatic,181177,1995,15.7,1st Owner,Kochi,5,Fair,False,590000
Kia,Carens,Premium,2017,Diesel,Manual,126969,1447,17.9,3rd Owner,Jaipur,7,Poor,True,350000
Maruti Suzuki,Wagon R,VXi,2017,CNG,Automatic,61106,948,24.2,3rd Owner,Kochi,5,Good,False,135000
Volkswagen,Polo,Trendline,2014,Petrol,Manual,87636,999,19.1,1st Owner,Jaipur,5,Fair,False,120000
Skoda,Octavia,L&K,2022,Petrol,Automatic,28981,1984,16.8,4+ Owners,Delhi,5,Good,True,1255000
Volkswagen,Polo,Comfortline,2023,Petrol,Manual,18518,949,18.7,4+ Owners,Chennai,5,Good,False,305000
Volkswagen,Polo,Comfortline,2013,Petrol,Automatic,146097,949,19.2,4+ Owners,Kochi,5,Excellent,True,120000
Audi,A6,45 TFSI Technology,2023,Petrol,Automatic,40960,1984,12.6,2nd Owner,Chandigarh,5,Good,False,3920000
Volkswagen,Polo,Highline,2023,Petrol,Manual,22256,999,16.9,2nd Owner,Kolkata,5,Fair,True,370000
Mahindra,XUV700,AX7L,2015,Diesel,Automatic,147358,2184,14.1,4+ Owners,Chandigarh,7,Poor,False,350000
Toyota,Glanza,G,2020,CNG,Manual,59708,1147,21.1,2nd Owner,Surat,5,Good,False,295000
Maruti Suzuki,Wagon R,ZXi,2019,Petrol,Automatic,77219,1048,25.4,3rd Owner,Ahmedabad,5,Good,True,180000
Audi,A6,45 TFSI Technology,2017,Petrol,Automatic,117933,1984,13.0,1st Owner,Pune,5,Poor,False,1260000
Tata,Tiago,XM,2013,CNG,Manual,168712,1249,19.3,1st Owner,Lucknow,5,Fair,True,120000
Maruti Suzuki,Brezza,VXi,2020,CNG,Manual,57250,1412,20.8,2nd Owner,Kochi,5,Poor,True,270000
MG,Hector,Smart,2017,Diesel,Automatic,114767,1906,16.7,1st Owner,Bengaluru,5,Excellent,True,495000
Maruti Suzuki,Grand Vitara,Delta,2021,Hybrid,Manual,65183,1440,27.4,3rd Owner,Pune,5,Fair,False,405000
Mahindra,XUV300,W8,2024,Diesel,Manual,25602,1447,20.4,2nd Owner,Pune,5,Good,True,625000
MG,Astor,Sharp,2022,Petrol,Automatic,44247,1548,16.1,3rd Owner,Bengaluru,5,Good,False,515000
Maruti Suzuki,Wagon R,LXi,2013,Petrol,Manual,123649,1048,25.3,4+ Owners,Delhi,5,Good,True,120000
Maruti Suzuki,Dzire,ZXi Plus,2019,CNG,Automatic,59789,1247,24.0,4+ Owners,Bengaluru,5,Poor,False,135000
Tata,Altroz,XZ,2024,Diesel,Manual,18418,1149,19.3,4+ Owners,Kolkata,5,Good,False,360000
Hyundai,Alcazar,Prestige,2019,Petrol,Manual,67802,1543,18.5,3rd Owner,Kolkata,7,Good,False,500000
Tata,Punch,Adventure,2020,CNG,Manual,41668,1199,19.1,3rd Owner,Surat,5,Poor,True,165000
Tata,Safari,Pure,2024,Diesel,Manual,26626,1906,15.7,2nd Owner,Kochi,7,Fair,True,1145000
Tata,Harrier,Adventure,2018,Diesel,Automatic,115964,2006,17.7,4+ Owners,Vadodara,5,Excellent,False,395000
Kia,Sonet,HTE,2018,Diesel,Automatic,103932,1147,18.5,3rd Owner,Ahmedabad,5,Excellent,False,245000
Toyota,Glanza,V,2020,Petrol,Manual,53341,1247,23.3,2nd Owner,Chennai,5,Fair,False,250000
BMW,5 Series,520d Luxury Line,2013,Diesel,Automatic,129222,1995,17.6,3rd Owner,Bengaluru,5,Poor,False,600000
Kia,Seltos,X-Line,2022,Diesel,Manual,25270,1447,18.3,1st Owner,Hyderabad,5,Good,True,755000
Honda,Civic,V,2019,Petrol,Automatic,72243,1799,16.6,1st Owner,Pune,5,Excellent,True,805000
Maruti Suzuki,Baleno,Zeta,2016,Petrol,Automatic,105139,1197,22.6,1st Owner,Bengaluru,5,Poor,False,130000
Mercedes-Benz,E-Class,E 220d,2018,Diesel,Automatic,106582,1993,15.6,3rd Owner,Pune,5,Poor,False,1375000
Renault,Kiger,RXT,2018,Petrol,Automatic,90420,1049,19.5,2nd Owner,Chandigarh,5,Excellent,False,220000
Skoda,Kushaq,Style,2014,Petrol,Automatic,104663,1448,18.6,3rd Owner,Bengaluru,5,Excellent,False,350000
Mercedes-Benz,GLC,GLC 220d,2014,Diesel,Automatic,88023,2043,15.1,2nd Owner,Delhi,5,Fair,False,985000
BMW,5 Series,530d M Sport,2015,Petrol,Automatic,71491,1995,17.8,3rd Owner,Kolkata,5,Good,True,1255000
Mercedes-Benz,GLC,GLC 220d,2017,Petrol,Automatic,107397,1943,15.4,1st Owner,Kochi,5,Good,False,1885000
Toyota,Fortuner,2.8 4x2 AT,2022,Petrol,Automatic,40048,2755,14.6,1st Owner,Chandigarh,7,Fair,True,1875000
BMW,3 Series,320d Sport,2013,Diesel,Automatic,157143,2045,15.6,1st Owner,Surat,5,Excellent,False,860000
Volkswagen,Polo,Highline,2014,Petrol,Manual,103563,999,17.9,1st Owner,Jaipur,5,Excellent,True,135000
Toyota,Innova Crysta,VX,2021,Diesel,Automatic,34931,2393,14.2,4+ Owners,Surat,7,Good,False,760000
Kia,Seltos,HTK,2020,Petrol,Automatic,46524,1447,16.0,2nd Owner,Chandigarh,5,Excellent,True,560000
Honda,City,V,2017,Hybrid,Manual,82606,1548,16.5,1st Owner,Chandigarh,5,Poor,False,350000
Mahindra,XUV700,AX3,2014,Petrol,Manual,171408,2184,12.7,2nd Owner,Hyderabad,7,Fair,False,350000
BMW,X1,sDrive20d,2014,Diesel,Automatic,120962,2045,16.0,1st Owner,Chennai,5,Excellent,False,830000
Audi,Q3,35 TDI Quattro,2024,Petrol,Automatic,32436,1984,14.4,1st Owner,Delhi,5,Good,True,3630000
Maruti Suzuki,Dzire,ZXi,2017,CNG,Automatic,62173,1147,23.4,4+ Owners,Kochi,5,Poor,False,120000
BMW,5 Series,530d M Sport,2018,Petrol,Automatic,106682,1945,16.1,4+ Owners,Kochi,5,Good,True,1515000
Audi,A4,40 TFSI Technology,2023,Petrol,Automatic,21862,2034,18.2,1st Owner,Hyderabad,5,Poor,True,2350000
Kia,Sonet,HTE,2013,Diesel,Automatic,166250,1197,19.0,2nd Owner,Lucknow,5,Good,True,125000
Volkswagen,Virtus,Comfortline,2020,Petrol,Automatic,83547,1448,18.8,1st Owner,Chennai,5,Excellent,False,550000
Tata,Punch,Accomplished,2016,Petrol,Automatic,120067,1199,19.4,2nd Owner,Chandigarh,5,Good,True,155000
Renault,Kiger,RXE,2022,Petrol,Manual,37907,999,20.3,2nd Owner,Vadodara,5,Fair,False,320000
Mahindra,Scorpio-N,Z2,2016,Petrol,Automatic,63438,2184,15.8,2nd Owner,Kochi,7,Good,False,370000
Skoda,Slavia,Style,2024,Petrol,Manual,24142,1448,19.9,1st Owner,Mumbai,5,Fair,True,805000
Volkswagen,Taigun,Topline,2019,Petrol,Automatic,104375,1548,17.7,3rd Owner,Delhi,5,Poor,True,350000
Hyundai,i20,Magna,2019,Petrol,Manual,95905,1197,21.5,4+ Owners,Kolkata,5,Poor,True,140000
Mahindra,Bolero,B6,2013,Diesel,Manual,135515,1443,15.6,2nd Owner,Jaipur,7,Excellent,False,145000
BMW,5 Series,520d Luxury Line,2014,Diesel,Automatic,92914,1995,17.1,1st Owner,Lucknow,5,Good,False,1265000
Skoda,Octavia,Style,2019,Petrol,Automatic,82753,2034,16.2,4+ Owners,Pune,5,Fair,True,700000
Skoda,Slavia,Ambition,2021,Petrol,Manual,74351,1448,20.0,1st Owner,Hyderabad,5,Fair,False,505000
Mahindra,Scorpio-N,Z6,2022,Diesel,Automatic,48253,2184,13.0,1st Owner,Lucknow,7,Excellent,True,1025000
Kia,Carens,Prestige,2015,Diesel,Manual,110306,1497,17.4,4+ Owners,Chennai,7,Good,True,350000
BMW,5 Series,520d Luxury Line,2019,Petrol,Automatic,49664,2045,17.8,1st Owner,Kochi,5,Good,False,2525000
BMW,X1,sDrive20d,2019,Diesel,Automatic,102201,1945,15.4,3rd Owner,Lucknow,5,Excellent,True,1335000
Skoda,Octavia,L&K,2021,Petrol,Automatic,72407,1934,14.3,4+ Owners,Bengaluru,5,Poor,False,725000
Renault,Triber,RXE,2017,Petrol,Automatic,92281,1049,19.7,4+ Owners,Chandigarh,7,Fair,False,120000
Hyundai,Alcazar,Signature,2020,Diesel,Automatic,52592,1493,17.1,1st Owner,Mumbai,7,Excellent,False,850000
BMW,X1,sDrive20d,2023,Diesel,Automatic,32328,1995,16.5,3rd Owner,Surat,5,Fair,True,2025000
MG,Hector,Sharp Pro,2024,Petrol,Manual,20241,1956,17.0,4+ Owners,Surat,5,Excellent,True,815000
Volkswagen,Virtus,GT Plus,2021,Petrol,Manual,54785,1498,18.3,1st Owner,Surat,5,Good,True,635000
Audi,Q3,40 TFSI,2021,Diesel,Automatic,52471,2034,16.4,2nd Owner,Pune,5,Fair,True,1870000
Audi,Q3,35 TDI Quattro,2023,Petrol,Automatic,31067,1984,16.4,4+ Owners,Vadodara,5,Poor,True,1570000
Maruti Suzuki,Brezza,ZXi Plus,2018,CNG,Automatic,111547,1412,20.8,3rd Owner,Jaipur,5,Good,True,265000
Audi,A6,45 TFSI Premium Plus,2023,Petrol,Automatic,22088,2034,14.3,1st Owner,Ahmedabad,5,Excellent,True,4665000
Kia,Sonet,HTX,2019,Petrol,Manual,99847,1147,19.2,4+ Owners,Pune,5,Fair,True,190000
Toyota,Camry,2.5 Hybrid,2024,Hybrid,Automatic,24045,2487,20.6,4+ Owners,Chennai,5,Poor,False,1730000
Volkswagen,Polo,Trendline,2023,Petrol,Automatic,28734,999,19.5,2nd Owner,Delhi,5,Excellent,True,465000
Kia,Sonet,HTE,2022,Diesel,Automatic,47315,1147,18.5,3rd Owner,Surat,5,Good,True,425000
MG,Astor,Sharp,2014,Petrol,Automatic,155805,1448,16.2,1st Owner,Lucknow,5,Excellent,True,350000
BMW,5 Series,520d Luxury Line,2024,Petrol,Automatic,13557,1995,17.5,1st Owner,Jaipur,5,Poor,False,3925000
Renault,Kwid,RXT,2013,Petrol,Manual,187498,999,22.0,2nd Owner,Vadodara,5,Poor,False,120000
Skoda,Kushaq,Monte Carlo,2023,Petrol,Automatic,32056,1498,18.8,3rd Owner,Kochi,5,Fair,False,590000
Tata,Safari,Accomplished,2019,Diesel,Automatic,56650,1906,16.3,4+ Owners,Chandigarh,7,Fair,False,455000
Mahindra,Thar,AX(O),2016,Diesel,Automatic,80123,2184,13.9,4+ Owners,Bengaluru,4,Poor,True,350000
Tata,Tiago,XZ+,2023,CNG,Automatic,28527,1199,19.2,1st Owner,Chandigarh,5,Excellent,False,435000
Audi,A6,45 TFSI Premium Plus,2024,Petrol,Automatic,20393,1984,14.1,2nd Owner,Vadodara,5,Good,False,4350000
BMW,5 Series,530d M Sport,2014,Petrol,Automatic,115236,2045,17.6,1st Owner,Mumbai,5,Fair,True,1165000
Mercedes-Benz,E-Class,E 350d,2016,Petrol,Automatic,143818,1943,14.2,3rd Owner,Bengaluru,5,Good,False,1405000
Tata,Altroz,XM,2020,Petrol,Manual,83777,1149,18.8,2nd Owner,Delhi,5,Excellent,True,295000
BMW,5 Series,520d Luxury Line,2013,Diesel,Automatic,122325,1945,16.5,4+ Owners,Mumbai,5,Fair,True,675000
Mercedes-Benz,C-Class,C 300d,2014,Petrol,Automatic,146711,2043,17.7,1st Owner,Bengaluru,5,Fair,False,950000
MG,Hector,Smart,2020,Petrol,Automatic,50511,2006,16.2,3rd Owner,Kochi,5,Excellent,False,615000
Renault,Kiger,RXT,2021,Petrol,Automatic,56284,1049,18.7,3rd Owner,Surat,5,Good,True,300000
MG,Hector,Sharp Pro,2022,Petrol,Automatic,39453,1956,14.9,2nd Owner,Vadodara,5,Poor,True,635000
Renault,Triber,RXT,2022,Petrol,Automatic,37320,1049,18.1,1st Owner,Hyderabad,7,Poor,False,315000
MG,Hector,Shine,2014,Diesel,Manual,117491,1906,16.1,3rd Owner,Kochi,5,Poor,False,350000
Mercedes-Benz,C-Class,C 300d,2023,Petrol,Automatic,30490,1993,16.7,4+ Owners,Vadodara,5,Excellent,False,2770000
Honda,WR-V,VX,2019,Diesel,Manual,80867,1498,16.7,3rd Owner,Surat,5,Excellent,True,275000
Mahindra,XUV700,AX5,2015,Diesel,Automatic,94938,2184,12.8,3rd Owner,Chandigarh,7,Poor,True,350000
Volkswagen,Taigun,Highline,2022,Petrol,Manual,42370,1548,17.2,2nd Owner,Jaipur,5,Fair,False,570000
Toyota,Camry,2.5 Hybrid,2019,Hybrid,Automatic,54239,2487,17.8,4+ Owners,Hyderabad,5,Excellent,True,1335000
Audi,A4,40 TFSI Premium,2023,Petrol,Automatic,30254,2034,17.0,2nd Owner,Pune,5,Poor,False,1995000
BMW,3 Series,320d Luxury Line,2024,Petrol,Automatic,31951,1995,16.3,1st Owner,Ahmedabad,5,Poor,True,2965000
Renault,Kwid,RXT,2022,Petrol,Automatic,64469,999,21.7,1st Owner,Surat,5,Poor,True,235000
BMW,3 Series,330i M Sport,2017,Diesel,Automatic,86835,2045,15.7,3rd Owner,Vadodara,5,Fair,True,1030000
Kia,Seltos,X-Line,2023,Petrol,Manual,39944,1497,16.4,3rd Owner,Vadodara,5,Excellent,True,665000
Mercedes-Benz,E-Class,E 220d,2024,Diesel,Automatic,27181,1993,16.2,2nd Owner,Surat,5,Good,False,5165000
Maruti Suzuki,Wagon R,LXi,2021,Petrol,Automatic,65020,998,26.5,1st Owner,Jaipur,5,Good,False,300000
Toyota,Camry,2.5 Hybrid,2014,Hybrid,Automatic,125782,2487,20.0,3rd Owner,Mumbai,5,Poor,False,515000
Skoda,Slavia,Ambition,2015,Petrol,Manual,92921,1448,18.5,4+ Owners,Chennai,5,Poor,True,350000
Honda,WR-V,SV,2018,Diesel,Manual,90144,1448,16.6,1st Owner,Vadodara,5,Fair,False,245000
Honda,Civic,V,2013,Petrol,Automatic,149388,1799,16.9,4+ Owners,Ahmedabad,5,Excellent,False,350000
Maruti Suzuki,Dzire,ZXi Plus,2019,CNG,Automatic,77204,1197,24.8,1st Owner,Vadodara,5,Excellent,False,275000
Tata,Nexon,Creative,2013,Petrol,Automatic,146417,1249,18.3,1st Owner,Vadodara,5,Excellent,True,170000
Toyota,Fortuner,2.8 4x4 AT,2021,Petrol,Manual,49858,2755,13.1,4+ Owners,Surat,7,Poor,True,845000
Honda,WR-V,VX,2024,Petrol,Manual,19031,1498,16.6,1st Owner,Delhi,5,Excellent,True,725000
Toyota,Glanza,V,2014,Petrol,Automatic,85068,1247,23.5,1st Owner,Chandigarh,5,Fair,True,135000
Kia,Carens,Luxury,2013,Diesel,Automatic,101281,1547,17.4,2nd Owner,Lucknow,7,Poor,False,350000
Kia,Carens,Luxury Plus,2014,Diesel,Manual,173619,1547,15.9,2nd Owner,Chandigarh,7,Good,True,350000
Audi,Q3,40 TFSI,2013,Diesel,Automatic,165370,1934,17.2,2nd Owner,Hyderabad,5,Good,True,655000
Toyota,Glanza,S,2015,Petrol,Automatic,70301,1147,22.2,1st Owner,Kolkata,5,Poor,False,130000
Mahindra,XUV300,W6,2024,Diesel,Automatic,25837,1497,19.7,1st Owner,Surat,5,Good,False,730000
BMW,3 Series,320d Sport,2013,Petrol,Automatic,162777,1945,15.9,4+ Owners,Vadodara,5,Excellent,True,560000
Skoda,Kushaq,Active,2023,Petrol,Manual,22125,1548,18.5,2nd Owner,Lucknow,5,Good,True,720000
Mahindra,Scorpio-N,Z8L,2024,Diesel,Manual,16981,2184,15.4,2nd Owner,Delhi,7,Fair,False,900000
Skoda,Octavia,Style,2013,Petrol,Automatic,169135,1934,17.2,3rd Owner,Mumbai,5,Fair,True,350000
Tata,Nexon,Pure,2019,Petrol,Manual,88928,1149,18.7,1st Owner,Chennai,5,Fair,False,295000
Skoda,Octavia,Style,2024,Petrol,Automatic,17034,2034,16.8,3rd Owner,Ahmedabad,5,Fair,False,1510000
Mahindra,Thar,LX Petrol AT,2013,Diesel,Manual,164323,2184,15.8,4+ Owners,Chennai,4,Fair,False,350000
Skoda,Slavia,Style,2022,Petrol,Manual,56145,1448,18.8,3rd Owner,Delhi,5,Fair,True,480000
MG,Hector,Smart,2022,Diesel,Automatic,56098,1906,15.2,2nd Owner,Vadodara,5,Fair,False,705000
Kia,Carens,Premium,2022,Diesel,Manual,24508,1497,17.8,3rd Owner,Kolkata,7,Good,False,505000
Toyota,Camry,2.5 Hybrid,2022,Hybrid,Automatic,47509,2487,19.4,4+ Owners,Ahmedabad,5,Excellent,True,2100000
Kia,Seltos,X-Line,2019,Diesel,Manual,64802,1547,17.1,3rd Owner,Kochi,5,Poor,False,350000
Maruti Suzuki,Baleno,Alpha,2018,CNG,Manual,117269,1247,22.3,2nd Owner,Delhi,5,Fair,False,175000
Honda,City,ZX,2015,Hybrid,Manual,114228,1448,17.3,3rd Owner,Lucknow,5,Poor,True,350000
Mahindra,Bolero,B6(O),2017,Diesel,Manual,119680,1443,15.6,1st Owner,Pune,7,Good,True,275000
BMW,3 Series,330i M Sport,2016,Petrol,Automatic,83938,1995,15.7,4+ Owners,Mumbai,5,Fair,True,780000
Tata,Punch,Adventure,2015,Petrol,Manual,79751,1249,19.3,3rd Owner,Surat,5,Good,True,125000
Toyota,Fortuner,2.8 4x4 AT,2013,Diesel,Manual,133709,2755,14.7,4+ Owners,Lucknow,7,Poor,True,350000
Toyota,Fortuner,2.8 4x2 AT,2014,Petrol,Automatic,174788,2755,13.4,2nd Owner,Kolkata,7,Excellent,True,620000
Maruti Suzuki,Alto,Std,2017,Petrol,Manual,108276,846,25.5,4+ Owners,Kochi,5,Good,False,120000
Volkswagen,Taigun,Topline,2018,Petrol,Automatic,76867,1548,17.9,2nd Owner,Hyderabad,5,Poor,True,350000
Toyota,Innova Crysta,GX,2023,Diesel,Manual,31980,2393,13.8,4+ Owners,Jaipur,7,Good,True,940000
Honda,WR-V,VX,2018,Petrol,Manual,118672,1448,16.0,3rd Owner,Kolkata,5,Poor,False,160000
Kia,Carens,Premium,2021,Petrol,Automatic,55768,1547,17.1,4+ Owners,Delhi,7,Good,True,440000
Mahindra,XUV700,MX,2023,Petrol,Automatic,34794,2184,12.8,2nd Owner,Ahmedabad,7,Good,True,1060000
Maruti Suzuki,Grand Vitara,Zeta,2024,Petrol,Automatic,20230,1440,28.3,1st Owner,Mumbai,5,Poor,True,745000
Toyota,Glanza,S,2022,CNG,Automatic,50658,1197,21.6,2nd Owner,Hyderabad,5,Excellent,False,395000
Hyundai,Alcazar,Platinum,2016,Petrol,Manual,108707,1443,18.5,4+ Owners,Mumbai,7,Excellent,True,350000
BMW,3 Series,320d Sport,2017,Petrol,Automatic,102591,1995,16.8,3rd Owner,Lucknow,5,Poor,True,860000
Skoda,Octavia,Style,2020,Petrol,Automatic,46752,1984,16.0,2nd Owner,Kolkata,5,Fair,True,1045000
Honda,Amaze,S,2017,Petrol,Manual,83533,1149,17.6,2nd Owner,Lucknow,5,Fair,False,165000
Volkswagen,Virtus,Topline,2020,Petrol,Manual,71297,1448,19.5,4+ Owners,Chennai,5,Poor,False,350000
Volkswagen,Taigun,Comfortline,2020,Petrol,Manual,77889,1498,18.9,3rd Owner,Ahmedabad,5,Excellent,True,460000
Volkswagen,Taigun,Highline,2015,Petrol,Manual,103442,1448,16.7,2nd Owner,Lucknow,5,Poor,True,350000
Mercedes-Benz,E-Class,E 200,2015,Diesel,Automatic,104204,1943,16.1,3rd Owner,Surat,5,Fair,False,1135000
MG,Hector,Sharp Pro,2019,Diesel,Manual,78222,1956,17.3,1st Owner,Bengaluru,5,Good,False,575000
Toyota,Innova Crysta,VX,2021,Diesel,Manual,43743,2393,15.6,4+ Owners,Pune,7,Excellent,True,800000
Tata,Nexon,Smart,2019,Petrol,Automatic,55892,1249,16.0,2nd Owner,Kochi,5,Poor,False,235000
Skoda,Slavia,Active,2024,Petrol,Automatic,25377,1548,20.0,3rd Owner,Chandigarh,5,Fair,True,655000
Honda,Civic,ZX,2016,Petrol,Automatic,126359,1849,16.2,4+ Owners,Bengaluru,5,Poor,False,350000
Skoda,Kushaq,Monte Carlo,2020,Petrol,Manual,74437,1448,17.0,3rd Owner,Delhi,5,Poor,False,350000
Hyundai,Grand i10 Nios,Sportz,2016,Petrol,Automatic,92433,1197,21.8,2nd Owner,Hyderabad,5,Excellent,False,155000
Hyundai,Verna,EX,2013,Petrol,Manual,95128,1547,17.4,3rd Owner,Jaipur,5,Excellent,False,350000
BMW,3 Series,330i M Sport,2017,Diesel,Automatic,65283,2045,16.4,1st Owner,Mumbai,5,Poor,True,1160000
Kia,Sonet,GTX+,2024,Petrol,Automatic,16547,1197,17.6,1st Owner,Ahmedabad,5,Poor,False,495000
Honda,Civic,VX,2015,Petrol,Automatic,84034,1749,17.3,4+ Owners,Bengaluru,5,Poor,False,350000
Tata,Nexon,Creative,2021,Diesel,Automatic,43333,1199,17.8,4+ Owners,Delhi,5,Fair,False,295000
Volkswagen,Polo,Comfortline,2015,Petrol,Automatic,65218,949,18.7,3rd Owner,Vadodara,5,Excellent,False,135000
Honda,Amaze,VX,2019,Petrol,Automatic,101829,1199,18.6,4+ Owners,Kochi,5,Excellent,True,220000
Skoda,Kushaq,Monte Carlo,2016,Petrol,Automatic,139256,1448,19.2,2nd Owner,Lucknow,5,Poor,False,350000
Volkswagen,Virtus,Highline,2019,Petrol,Manual,100677,1498,19.1,3rd Owner,Chandigarh,5,Poor,False,350000
Skoda,Kushaq,Monte Carlo,2019,Petrol,Automatic,90039,1498,17.5,2nd Owner,Chennai,5,Poor,False,350000
MG,Hector,Shine,2017,Petrol,Automatic,92838,1956,14.8,1st Owner,Jaipur,5,Fair,False,400000
Honda,WR-V,VX,2013,Petrol,Manual,152993,1548,18.6,1st Owner,Kochi,5,Poor,True,120000
Skoda,Slavia,Active,2024,Petrol,Automatic,17232,1548,18.8,2nd Owner,Ahmedabad,5,Poor,False,650000
Skoda,Slavia,Style,2017,Petrol,Automatic,90156,1448,17.2,3rd Owner,Delhi,5,Fair,True,350000
Kia,Seltos,HTK,2024,Diesel,Manual,19989,1447,17.9,2nd Owner,Ahmedabad,5,Fair,True,775000
Volkswagen,Polo,GT TSI,2016,Petrol,Automatic,128295,999,18.6,3rd Owner,Surat,5,Poor,False,120000
Honda,Amaze,E,2020,Petrol,Automatic,59818,1199,18.9,1st Owner,Surat,5,Fair,True,300000
Hyundai,Creta,EX,2023,Diesel,Automatic,24117,1547,15.6,3rd Owner,Delhi,5,Poor,False,500000
Toyota,Camry,2.5 Hybrid,2022,Hybrid,Automatic,57184,2487,20.6,1st Owner,Ahmedabad,5,Excellent,False,2790000
Mahindra,XUV300,W8,2017,Diesel,Manual,100712,1497,20.5,2nd Owner,Ahmedabad,5,Excellent,True,240000
Maruti Suzuki,Alto,VXi,2020,CNG,Manual,79232,796,23.5,1st Owner,Bengaluru,5,Good,True,175000
Kia,Seltos,HTK,2022,Petrol,Manual,40352,1497,16.3,3rd Owner,Vadodara,5,Excellent,True,620000
Honda,Civic,VX,2021,Diesel,Automatic,61669,1749,16.5,1st Owner,Kochi,5,Excellent,False,1040000
Mahindra,Thar,AX(O),2019,Diesel,Manual,95461,2184,16.6,2nd Owner,Kochi,4,Fair,False,385000
Toyota,Innova Crysta,GX,2016,Diesel,Automatic,135250,2393,14.9,3rd Owner,Vadodara,7,Fair,True,385000
Toyota,Innova Crysta,VX,2015,Diesel,Manual,98006,2393,16.2,2nd Owner,Kochi,7,Poor,False,350000
Hyundai,Venue,SX,2024,Diesel,Automatic,20931,1147,17.7,3rd Owner,Surat,5,Good,True,555000
Tata,Tiago,XE,2020,Electric,Automatic,74911,1249,21.0,2nd Owner,Ahmedabad,5,Excellent,True,255000
Tata,Punch,Pure,2015,CNG,Automatic,100875,1149,21.4,2nd Owner,Hyderabad,5,Fair,False,120000
Maruti Suzuki,Dzire,LXi,2020,Petrol,Automatic,60033,1147,24.6,2nd Owner,Bengaluru,5,Excellent,True,295000
MG,Astor,Super,2014,Petrol,Manual,77107,1448,13.9,2nd Owner,Surat,5,Excellent,False,350000
Tata,Nexon,Creative,2021,Petrol,Manual,46371,1199,16.8,3rd Owner,Surat,5,Poor,True,270000
Mahindra,XUV300,W8(O),2022,Diesel,Manual,56895,1497,21.0,3rd Owner,Vadodara,5,Fair,True,350000
Hyundai,Verna,EX,2021,Petrol,Automatic,40981,1547,19.7,4+ Owners,Chennai,5,Good,False,430000
Hyundai,Grand i10 Nios,Sportz,2015,CNG,Automatic,153022,1247,21.6,1st Owner,Pune,5,Fair,True,120000
Skoda,Slavia,Style,2019,Petrol,Automatic,76244,1498,18.2,3rd Owner,Mumbai,5,Fair,False,350000
Hyundai,Alcazar,Platinum,2024,Petrol,Manual,21084,1493,18.7,1st Owner,Hyderabad,7,Fair,True,1135000
Audi,A6,45 TFSI Technology,2018,Petrol,Automatic,97713,2034,14.1,1st Owner,Jaipur,5,Good,True,2165000
Mercedes-Benz,E-Class,E 200,2020,Diesel,Automatic,84922,1993,15.2,2nd Owner,Pune,5,Fair,True,2475000
Skoda,Kushaq,Ambition,2017,Petrol,Automatic,119922,1448,17.9,3rd Owner,Lucknow,5,Fair,False,350000
Toyota,Glanza,V,2020,CNG,Manual,81879,1147,21.4,3rd Owner,Kochi,5,Poor,False,170000
Mahindra,Scorpio-N,Z8L,2016,Diesel,Manual,91019,2184,14.3,3rd Owner,Chandigarh,7,Excellent,False,350000
Mercedes-Benz,C-Class,C 220d,2020,Petrol,Automatic,76959,1943,17.8,3rd Owner,Lucknow,5,Fair,True,1790000
Honda,WR-V,SV,2020,Petrol,Manual,69953,1498,17.0,2nd Owner,Kochi,5,Fair,False,295000
Mahindra,Scorpio-N,Z8,2015,Petrol,Automatic,104021,2184,14.1,4+ Owners,Surat,7,Poor,False,350000
Skoda,Octavia,L&K,2013,Petrol,Automatic,88619,1984,16.6,1st Owner,Chennai,5,Good,True,525000
Mahindra,Scorpio-N,Z8,2021,Diesel,Manual,41139,2184,14.7,2nd Owner,Ahmedabad,7,Poor,True,525000
Renault,Kiger,RXE,2014,Petrol,Manual,179405,1049,19.2,1st Owner,Delhi,5,Excellent,False,125000
Mercedes-Benz,GLC,GLC 220d,2022,Petrol,Automatic,33128,1943,13.7,2nd Owner,Ahmedabad,5,Fair,True,2905000
BMW,3 Series,320d Sport,2023,Petrol,Automatic,39284,1995,16.4,2nd Owner,Mumbai,5,Good,False,2910000
MG,Hector,Shine,2021,Diesel,Automatic,71360,1906,16.6,4+ Owners,Kochi,5,Poor,False,390000
BMW,5 Series,520d Luxury Line,2024,Petrol,Automatic,26192,2045,16.2,3rd Owner,Bengaluru,5,Poor,False,2880000
Toyota,Innova Crysta,ZX,2019,Diesel,Automatic,45658,2393,15.0,2nd Owner,Kochi,7,Good,False,765000
Kia,Sonet,HTK,2020,Diesel,Manual,85900,1197,17.7,2nd Owner,Chennai,5,Poor,False,225000
Toyota,Glanza,V,2022,Petrol,Automatic,37840,1197,21.8,4+ Owners,Ahmedabad,5,Fair,True,275000
Toyota,Fortuner,2.8 4x2 AT,2023,Diesel,Manual,36827,2755,15.0,4+ Owners,Ahmedabad,7,Poor,True,1210000
Hyundai,Alcazar,Signature,2015,Petrol,Manual,108025,1493,17.8,4+ Owners,Bengaluru,7,Good,True,350000
Honda,Amaze,S,2024,Petrol,Manual,21727,1149,18.6,4+ Owners,Chennai,5,Fair,False,330000
Maruti Suzuki,Ertiga,ZXi,2018,CNG,Automatic,109439,1512,21.5,3rd Owner,Lucknow,7,Poor,False,185000
Maruti Suzuki,Swift,ZXi,2018,Petrol,Manual,103695,1247,22.1,3rd Owner,Chandigarh,5,Fair,True,150000
Honda,Amaze,S,2013,Petrol,Automatic,101050,1199,18.2,3rd Owner,Kochi,5,Fair,True,120000
Toyota,Innova Crysta,GX,2023,Diesel,Automatic,33757,2393,15.7,3rd Owner,Bengaluru,7,Excellent,True,1220000
MG,Hector,Smart,2023,Petrol,Automatic,40222,2006,14.6,2nd Owner,Pune,5,Fair,True,865000
MG,Astor,Super,2015,Petrol,Automatic,145014,1548,16.3,2nd Owner,Lucknow,5,Poor,True,350000
Tata,Punch,Adventure,2021,Petrol,Manual,59609,1249,20.9,1st Owner,Surat,5,Poor,True,235000
Tata,Punch,Pure,2021,CNG,Automatic,68451,1249,21.0,4+ Owners,Pune,5,Excellent,False,260000
Volkswagen,Virtus,Highline,2018,Petrol,Manual,63566,1448,18.0,2nd Owner,Mumbai,5,Fair,True,350000
Volkswagen,Polo,Highline,2014,Petrol,Manual,153426,949,18.5,2nd Owner,Bengaluru,5,Excellent,False,120000
Volkswagen,Taigun,Topline,2016,Petrol,Manual,109603,1448,19.2,2nd Owner,Mumbai,5,Fair,True,350000
Tata,Safari,Adventure,2016,Diesel,Manual,130752,1956,15.9,1st Owner,Bengaluru,7,Good,True,450000
Kia,Sonet,HTX,2021,Petrol,Automatic,42024,1197,17.9,3rd Owner,Bengaluru,5,Poor,False,270000
Maruti Suzuki,Dzire,ZXi Plus,2023,CNG,Manual,28523,1247,23.5,1st Owner,Mumbai,5,Fair,False,400000
Maruti Suzuki,Alto,VXi,2013,CNG,Manual,91348,746,23.4,1st Owner,Lucknow,5,Poor,False,120000
Renault,Kwid,RXT,2016,Petrol,Manual,97410,949,22.4,3rd Owner,Chennai,5,Fair,False,120000
Audi,A6,45 TFSI Technology,2020,Petrol,Automatic,64257,1934,15.2,2nd Owner,Mumbai,5,Good,False,2400000
MG,Astor,Sharp,2024,Petrol,Automatic,12018,1448,15.5,3rd Owner,Delhi,5,Excellent,False,745000
Skoda,Octavia,Style,2018,Petrol,Automatic,76126,1984,15.5,3rd Owner,Surat,5,Good,True,825000
Honda,Amaze,E,2018,Petrol,Automatic,86834,1199,19.2,1st Owner,Mumbai,5,Fair,True,235000
Toyota,Innova Crysta,VX,2020,Diesel,Manual,49002,2393,13.6,3rd Owner,Kolkata,7,Excellent,True,795000
Mahindra,Bolero,B4,2021,Diesel,Manual,66071,1493,16.4,3rd Owner,Ahmedabad,7,Excellent,False,380000
Volkswagen,Taigun,Comfortline,2018,Petrol,Automatic,78939,1448,18.6,1st Owner,Mumbai,5,Fair,False,405000
Renault,Kwid,CLIMBER,2022,Petrol,Manual,32821,1049,21.1,4+ Owners,Chennai,5,Poor,True,145000
BMW,5 Series,530d M Sport,2013,Diesel,Automatic,142852,1945,18.8,3rd Owner,Chandigarh,5,Good,False,845000
MG,Astor,Sharp,2018,Petrol,Automatic,98315,1448,14.7,3rd Owner,Ahmedabad,5,Good,True,350000
Renault,Kiger,RXE,2019,Petrol,Manual,82987,949,19.3,1st Owner,Surat,5,Excellent,True,300000
Mercedes-Benz,C-Class,C 200,2013,Petrol,Automatic,75842,2043,16.8,1st Owner,Lucknow,5,Good,True,1050000
Kia,Carens,Prestige,2021,Petrol,Automatic,76481,1497,17.5,4+ Owners,Kochi,7,Excellent,True,435000
Renault,Triber,LXL,2024,Petrol,Manual,13017,1049,18.5,4+ Owners,Chennai,7,Poor,True,275000
Volkswagen,Virtus,Topline,2022,Petrol,Automatic,30084,1448,17.2,1st Owner,Hyderabad,5,Fair,False,640000
BMW,X1,sDrive20i,2017,Petrol,Automatic,57413,1995,15.9,4+ Owners,Kolkata,5,Fair,False,795000
Honda,WR-V,SV,2021,Petrol,Manual,74281,1498,17.5,3rd Owner,Kolkata,5,Poor,True,255000
Renault,Kiger,RXZ,2023,Petrol,Automatic,33421,949,18.7,4+ Owners,Kochi,5,Excellent,True,365000
Mercedes-Benz,C-Class,C 220d,2022,Petrol,Automatic,49064,1993,17.3,1st Owner,Bengaluru,5,Poor,False,2310000
Hyundai,Grand i10 Nios,Asta,2022,Petrol,Manual,48131,1247,19.3,1st Owner,Hyderabad,5,Poor,True,250000
MG,Astor,Super,2021,Petrol,Automatic,48872,1498,15.8,2nd Owner,Ahmedabad,5,Good,True,510000
MG,Astor,Sharp,2017,Petrol,Manual,69819,1548,13.8,2nd Owner,Chennai,5,Fair,True,350000
Renault,Kwid,RXT,2015,Petrol,Manual,148925,1049,21.8,1st Owner,Kochi,5,Good,False,120000
Mercedes-Benz,E-Class,E 200,2023,Petrol,Automatic,37907,2043,15.5,4+ Owners,Kochi,5,Excellent,False,3475000
Hyundai,i20,Asta,2016,Petrol,Automatic,95540,1147,20.4,1st Owner,Delhi,5,Fair,False,175000
Audi,Q3,35 TDI Quattro,2020,Petrol,Automatic,67153,1934,16.5,2nd Owner,Ahmedabad,5,Fair,False,1530000
Kia,Seltos,X-Line,2017,Petrol,Manual,71472,1547,16.6,4+ Owners,Mumbai,5,Fair,False,350000
Renault,Triber,LXL,2022,Petrol,Automatic,27946,1049,17.7,3rd Owner,Bengaluru,7,Poor,False,230000
Honda,WR-V,VX,2022,Petrol,Manual,21837,1548,18.4,4+ Owners,Chandigarh,5,Excellent,True,410000
Mercedes-Benz,GLC,GLC 220d,2018,Diesel,Automatic,80197,1993,15.6,1st Owner,Delhi,5,Excellent,False,2295000
Maruti Suzuki,Dzire,ZXi,2020,CNG,Automatic,38741,1197,23.5,2nd Owner,Ahmedabad,5,Good,False,300000
Mahindra,Scorpio-N,Z6,2019,Petrol,Manual,60420,2184,15.5,3rd Owner,Surat,7,Fair,False,400000
BMW,3 Series,320d Luxury Line,2023,Petrol,Automatic,22223,1945,16.9,2nd Owner,Vadodara,5,Fair,True,2655000
Kia,Seltos,X-Line,2018,Diesel,Automatic,51325,1497,15.7,2nd Owner,Chandigarh,5,Excellent,True,430000
Mercedes-Benz,E-Class,E 220d,2019,Petrol,Automatic,54523,1993,15.4,1st Owner,Surat,5,Good,True,3160000
Tata,Harrier,Smart,2020,Diesel,Automatic,44892,2006,15.4,3rd Owner,Ahmedabad,5,Fair,True,585000
Mahindra,Scorpio-N,Z2,2016,Petrol,Manual,133643,2184,14.1,1st Owner,Bengaluru,7,Fair,True,350000
Kia,Carens,Luxury,2021,Petrol,Automatic,40214,1547,16.4,2nd Owner,Chandigarh,7,Excellent,False,560000
Mercedes-Benz,E-Class,E 350d,2015,Petrol,Automatic,84603,2043,14.3,3rd Owner,Jaipur,5,Excellent,False,1325000
Maruti Suzuki,Baleno,Delta,2021,CNG,Automatic,43507,1197,24.0,4+ Owners,Pune,5,Good,True,280000
Audi,A4,40 TFSI Premium,2014,Petrol,Automatic,78928,1934,17.8,3rd Owner,Surat,5,Fair,False,660000
Skoda,Octavia,L&K,2019,Petrol,Automatic,101570,2034,15.9,4+ Owners,Bengaluru,5,Excellent,True,805000
Volkswagen,Polo,Highline,2022,Petrol,Automatic,44930,1049,18.6,1st Owner,Pune,5,Good,True,435000
Skoda,Octavia,Style,2014,Petrol,Automatic,88584,1984,16.9,2nd Owner,Delhi,5,Fair,False,460000
Skoda,Slavia,Active,2017,Petrol,Automatic,53872,1448,19.6,3rd Owner,Ahmedabad,5,Good,False,350000
Hyundai,Alcazar,Prestige,2015,Petrol,Manual,122475,1493,17.1,4+ Owners,Kolkata,7,Excellent,False,350000
Maruti Suzuki,Ertiga,VXi,2022,Petrol,Automatic,54429,1462,19.9,4+ Owners,Kolkata,7,Good,True,395000
MG,Astor,Super,2017,Petrol,Manual,89132,1548,13.4,3rd Owner,Lucknow,5,Excellent,True,350000
Audi,Q3,40 TFSI,2015,Diesel,Automatic,92429,1984,14.8,3rd Owner,Chennai,5,Excellent,False,835000
MG,Hector,Shine,2020,Diesel,Manual,66397,1906,16.0,1st Owner,Kochi,5,Good,True,705000
MG,Hector,Shine,2020,Diesel,Manual,79648,1956,14.8,2nd Owner,Pune,5,Poor,True,410000
Renault,Kiger,RXT,2022,Petrol,Manual,32269,1049,19.3,2nd Owner,Vadodara,5,Excellent,True,385000
Toyota,Camry,2.5 Hybrid,2018,Hybrid,Automatic,52552,2487,19.0,1st Owner,Surat,5,Fair,False,1470000
Renault,Kiger,RXT,2016,Petrol,Automatic,126176,999,19.7,4+ Owners,Bengaluru,5,Excellent,True,135000
Maruti Suzuki,Wagon R,ZXi,2018,Petrol,Automatic,86505,998,25.9,2nd Owner,Pune,5,Fair,False,150000
Audi,A4,40 TFSI Premium,2024,Petrol,Automatic,24321,1934,17.6,2nd Owner,Vadodara,5,Fair,True,3075000
BMW,3 Series,320d Luxury Line,2022,Diesel,Automatic,45837,1945,16.6,4+ Owners,Hyderabad,5,Poor,False,1465000
Maruti Suzuki,Wagon R,ZXi,2013,CNG,Manual,182512,998,26.3,2nd Owner,Bengaluru,5,Good,False,120000
Audi,Q3,40 TFSI,2021,Diesel,Automatic,45101,1934,16.2,1st Owner,Bengaluru,5,Excellent,False,2285000
Mercedes-Benz,GLC,GLC 220d,2018,Diesel,Automatic,88237,1943,13.4,2nd Owner,Kolkata,5,Fair,False,1595000
Audi,A6,45 TFSI Premium Plus,2014,Petrol,Automatic,112373,1934,15.3,4+ Owners,Bengaluru,5,Good,True,900000
BMW,5 Series,530d M Sport,2023,Petrol,Automatic,34269,1945,17.4,1st Owner,Hyderabad,5,Poor,False,3300000
Mahindra,Thar,LX Diesel AT,2013,Petrol,Manual,96622,2184,14.2,1st Owner,Surat,4,Fair,True,350000
Volkswagen,Virtus,Highline,2021,Petrol,Automatic,38086,1548,18.8,4+ Owners,Vadodara,5,Good,True,475000
Toyota,Camry,2.5 Hybrid,2016,Hybrid,Automatic,104965,2487,19.5,4+ Owners,Chennai,5,Good,True,825000
Tata,Nexon,Smart,2019,Diesel,Manual,43499,1199,18.4,1st Owner,Delhi,5,Excellent,False,345000
Hyundai,i20,Asta,2018,Petrol,Automatic,85949,1147,21.0,2nd Owner,Vadodara,5,Good,True,245000
Mahindra,XUV300,W8(O),2015,Petrol,Automatic,131336,1547,20.1,4+ Owners,Surat,5,Poor,False,120000
BMW,5 Series,530d M Sport,2014,Petrol,Automatic,160608,1945,18.3,1st Owner,Jaipur,5,Good,False,1225000
Mercedes-Benz,C-Class,C 220d,2017,Diesel,Automatic,60228,1993,15.8,3rd Owner,Pune,5,Fair,False,1225000
Mercedes-Benz,C-Class,C 300d,2024,Diesel,Automatic,19051,2043,17.1,1st Owner,Kolkata,5,Poor,False,3290000
Maruti Suzuki,Dzire,LXi,2018,CNG,Automatic,116270,1247,23.2,1st Owner,Kochi,5,Fair,True,215000
BMW,3 Series,320d Luxury Line,2018,Diesel,Automatic,72915,2045,15.1,1st Owner,Vadodara,5,Fair,False,1400000
Kia,Seltos,X-Line,2018,Diesel,Automatic,47402,1447,17.7,1st Owner,Kochi,5,Fair,True,410000
MG,Astor,Super,2013,Petrol,Automatic,153679,1448,15.3,3rd Owner,Chennai,5,Excellent,False,350000
Skoda,Octavia,L&K,2020,Petrol,Automatic,47042,1934,16.5,4+ Owners,Kochi,5,Good,True,960000
Maruti Suzuki,Ertiga,ZXi Plus,2014,Petrol,Manual,132603,1412,21.1,3rd Owner,Vadodara,7,Poor,True,120000
Toyota,Fortuner,2.7 4x2,2024,Diesel,Automatic,29317,2755,12.9,4+ Owners,Chennai,7,Fair,True,1805000
Tata,Harrier,Adventure,2020,Diesel,Automatic,92717,1956,15.5,1st Owner,Delhi,5,Poor,False,575000
Honda,Amaze,E,2018,Petrol,Manual,86196,1149,19.5,1st Owner,Kolkata,5,Good,True,245000
Kia,Carens,Luxury Plus,2021,Diesel,Automatic,34402,1547,17.3,3rd Owner,Kochi,7,Good,True,530000
Volkswagen,Polo,Comfortline,2017,Petrol,Manual,99467,949,17.5,1st Owner,Delhi,5,Good,True,185000
Kia,Sonet,HTK,2015,Petrol,Manual,115483,1247,18.0,3rd Owner,Delhi,5,Excellent,True,150000
Renault,Kwid,CLIMBER,2013,Petrol,Manual,135724,999,21.3,2nd Owner,Pune,5,Poor,False,120000
Audi,Q3,40 TFSI,2016,Diesel,Automatic,109137,2034,16.3,2nd Owner,Delhi,5,Excellent,False,995000
MG,Hector,Style,2022,Petrol,Manual,28028,1906,15.8,2nd Owner,Surat,5,Poor,True,565000
Maruti Suzuki,Wagon R,LXi,2015,Petrol,Automatic,112404,1048,26.3,4+ Owners,Vadodara,5,Good,False,120000
Skoda,Kushaq,Ambition,2018,Petrol,Manual,66914,1448,19.3,3rd Owner,Vadodara,5,Fair,False,350000
Kia,Carens,Premium,2021,Diesel,Automatic,55204,1497,17.3,3rd Owner,Jaipur,7,Good,False,480000
BMW,X1,sDrive20i,2013,Petrol,Automatic,140736,1945,17.2,2nd Owner,Hyderabad,5,Fair,False,550000
Audi,A6,45 TFSI Premium Plus,2024,Petrol,Automatic,21938,2034,12.7,1st Owner,Kochi,5,Poor,False,3450000
Volkswagen,Polo,Trendline,2022,Petrol,Manual,47883,999,19.4,3rd Owner,Bengaluru,5,Fair,False,260000
Volkswagen,Taigun,Topline,2017,Petrol,Automatic,86717,1498,17.6,1st Owner,Mumbai,5,Poor,True,350000
Skoda,Octavia,Style,2019,Petrol,Automatic,59929,1984,16.7,2nd Owner,Kolkata,5,Poor,True,775000
Audi,Q3,40 TFSI,2023,Diesel,Automatic,16666,1934,14.7,3rd Owner,Mumbai,5,Poor,True,1865000
Toyota,Glanza,S,2022,CNG,Manual,33176,1147,22.5,2nd Owner,Bengaluru,5,Fair,False,315000
Renault,Kwid,CLIMBER,2015,Petrol,Manual,152803,949,20.9,4+ Owners,Kochi,5,Excellent,True,120000
Maruti Suzuki,Dzire,ZXi,2016,CNG,Automatic,88855,1247,24.3,2nd Owner,Vadodara,5,Good,False,155000
Audi,A6,45 TFSI Technology,2022,Petrol,Automatic,47046,2034,14.7,3rd Owner,Surat,5,Fair,False,2610000
Hyundai,i20,Asta(O),2024,Petrol,Manual,28870,1247,21.0,2nd Owner,Kolkata,5,Excellent,True,530000
Tata,Tiago,XT,2013,Petrol,Manual,124891,1249,21.2,4+ Owners,Ahmedabad,5,Excellent,False,120000
Audi,A6,45 TFSI Premium Plus,2023,Petrol,Automatic,34051,1984,14.6,1st Owner,Delhi,5,Good,False,4180000
Hyundai,Creta,E,2018,Petrol,Manual,69914,1547,17.1,1st Owner,Kolkata,5,Fair,False,350000
Tata,Altroz,XM,2020,Diesel,Automatic,83805,1149,18.4,2nd Owner,Pune,5,Fair,True,270000
Honda,Civic,V,2024,Petrol,Automatic,28578,1849,16.3,2nd Owner,Delhi,5,Fair,True,1125000
Tata,Safari,Smart,2020,Diesel,Manual,42872,1906,17.5,3rd Owner,Surat,7,Poor,False,485000
Audi,A6,45 TFSI Premium Plus,2020,Petrol,Automatic,74845,1934,12.9,1st Owner,Pune,5,Good,True,2910000
Skoda,Slavia,Active,2021,Petrol,Manual,34400,1448,18.4,2nd Owner,Lucknow,5,Good,False,520000
Audi,A4,40 TFSI Premium,2015,Petrol,Automatic,112991,2034,16.8,3rd Owner,Mumbai,5,Good,False,820000
Mahindra,Bolero,B6(O),2024,Diesel,Manual,30412,1543,14.6,1st Owner,Kolkata,7,Good,True,710000
MG,Astor,Style,2015,Petrol,Automatic,127516,1448,15.1,3rd Owner,Chandigarh,5,Poor,True,350000
Honda,City,VX,2022,Hybrid,Automatic,35072,1498,17.6,1st Owner,Hyderabad,5,Good,True,770000
Skoda,Octavia,Style,2019,Petrol,Automatic,53302,1984,14.3,3rd Owner,Delhi,5,Good,True,880000
Skoda,Octavia,L&K,2020,Petrol,Automatic,69483,2034,15.9,1st Owner,Chandigarh,5,Fair,True,1135000
Maruti Suzuki,Ertiga,ZXi Plus,2015,Petrol,Automatic,141077,1512,20.2,4+ Owners,Bengaluru,7,Poor,False,120000
Hyundai,Verna,S+,2013,Diesel,Manual,136897,1447,19.1,3rd Owner,Ahmedabad,5,Good,True,350000
Kia,Sonet,HTK,2017,Petrol,Automatic,72689,1247,19.2,4+ Owners,Kolkata,5,Fair,True,160000
MG,Astor,Smart,2021,Petrol,Automatic,49409,1448,13.5,4+ Owners,Kolkata,5,Good,False,385000
Hyundai,Grand i10 Nios,Asta,2022,Petrol,Automatic,60450,1147,20.6,1st Owner,Delhi,5,Good,False,370000
Audi,A4,40 TFSI Technology,2024,Petrol,Automatic,27500,1984,18.8,4+ Owners,Jaipur,5,Excellent,False,2590000
Toyota,Fortuner,Legender,2023,Petrol,Automatic,32053,2755,15.1,4+ Owners,Pune,7,Poor,True,1315000
BMW,X1,sDrive20d,2013,Petrol,Automatic,177435,1995,17.1,1st Owner,Bengaluru,5,Fair,False,610000
Tata,Nexon,Pure,2016,Petrol,Manual,119431,1249,17.4,3rd Owner,Kochi,5,Excellent,False,170000
BMW,5 Series,520d Luxury Line,2018,Diesel,Automatic,46697,2045,17.5,1st Owner,Lucknow,5,Fair,False,2125000
Honda,Civic,ZX,2022,Petrol,Automatic,25332,1799,15.2,2nd Owner,Lucknow,5,Poor,False,745000
Tata,Altroz,XZ+,2018,Diesel,Automatic,109396,1149,20.0,1st Owner,Ahmedabad,5,Excellent,True,260000
Kia,Seltos,HTX,2016,Petrol,Automatic,61973,1497,17.7,1st Owner,Surat,5,Poor,False,350000
Toyota,Innova Crysta,VX,2021,Diesel,Manual,61160,2393,15.1,4+ Owners,Ahmedabad,7,Good,True,745000
Volkswagen,Polo,GT TSI,2017,Petrol,Automatic,93731,1049,18.0,1st Owner,Jaipur,5,Good,False,210000
BMW,5 Series,530d M Sport,2014,Diesel,Automatic,172432,1995,18.5,1st Owner,Chennai,5,Excellent,False,1205000
Honda,WR-V,SV,2014,Petrol,Manual,111868,1548,18.6,2nd Owner,Delhi,5,Fair,True,130000
BMW,3 Series,320d Luxury Line,2015,Petrol,Automatic,119593,1995,17.4,3rd Owner,Ahmedabad,5,Poor,False,585000
Audi,Q3,40 TFSI,2014,Diesel,Automatic,144903,1984,15.2,2nd Owner,Chandigarh,5,Excellent,True,775000
Audi,Q3,40 TFSI,2018,Diesel,Automatic,115798,1984,17.1,4+ Owners,Surat,5,Poor,False,695000
Toyota,Camry,2.5 Hybrid,2013,Hybrid,Automatic,83975,2487,19.6,3rd Owner,Lucknow,5,Good,False,640000
Mahindra,XUV700,MX,2020,Diesel,Manual,69062,2184,14.1,2nd Owner,Chandigarh,7,Poor,True,460000
Toyota,Glanza,S,2015,Petrol,Automatic,81798,1247,20.9,2nd Owner,Chandigarh,5,Poor,True,120000
Kia,Carens,Luxury,2013,Petrol,Automatic,178299,1497,16.2,4+ Owners,Hyderabad,7,Excellent,True,350000
Audi,A4,40 TFSI Technology,2016,Petrol,Automatic,79482,2034,16.5,2nd Owner,Hyderabad,5,Excellent,True,1135000
Hyundai,Grand i10 Nios,Sportz,2023,Petrol,Automatic,35504,1247,20.8,3rd Owner,Jaipur,5,Poor,False,240000
BMW,5 Series,530d M Sport,2015,Diesel,Automatic,125144,1995,16.5,4+ Owners,Chennai,5,Fair,False,880000
Skoda,Slavia,Ambition,2014,Petrol,Manual,174103,1548,19.8,2nd Owner,Pune,5,Fair,False,350000
Renault,Triber,LXL,2023,Petrol,Automatic,47568,1049,18.3,4+ Owners,Vadodara,7,Good,False,330000
Kia,Seltos,HTE,2022,Petrol,Automatic,32769,1497,18.3,3rd Owner,Vadodara,5,Poor,False,445000
Tata,Altroz,XM,2019,CNG,Automatic,60821,1249,20.4,1st Owner,Kolkata,5,Poor,True,220000
Renault,Kiger,RXZ,2013,Petrol,Manual,110025,949,19.4,1st Owner,Vadodara,5,Fair,True,120000
Honda,Civic,V,2014,Petrol,Automatic,141052,1849,15.1,3rd Owner,Pune,5,Poor,True,350000
Audi,Q3,40 TFSI,2019,Petrol,Automatic,43625,1984,15.3,4+ Owners,Hyderabad,5,Good,True,1310000
Mahindra,Thar,LX Diesel AT,2015,Diesel,Manual,91973,2184,14.1,2nd Owner,Vadodara,4,Excellent,False,350000
Maruti Suzuki,Grand Vitara,Zeta,2018,Hybrid,Manual,82479,1440,26.8,3rd Owner,Jaipur,5,Fair,True,350000
Mahindra,Thar,LX Petrol AT,2017,Diesel,Manual,85353,2184,16.5,1st Owner,Lucknow,4,Poor,True,350000
Toyota,Fortuner,2.8 4x4 AT,2016,Petrol,Manual,65638,2755,14.2,2nd Owner,Hyderabad,7,Fair,True,740000
Tata,Safari,Accomplished,2023,Diesel,Automatic,41247,1956,15.6,4+ Owners,Delhi,7,Poor,True,665000
Volkswagen,Virtus,Topline,2018,Petrol,Manual,89430,1448,17.6,4+ Owners,Ahmedabad,5,Poor,True,350000
MG,Hector,Shine,2022,Petrol,Automatic,39324,2006,14.5,2nd Owner,Delhi,5,Fair,True,790000
Hyundai,i20,Asta,2016,Petrol,Manual,130122,1197,20.7,3rd Owner,Jaipur,5,Good,False,145000
Volkswagen,Virtus,Highline,2024,Petrol,Manual,13043,1498,19.9,1st Owner,Bengaluru,5,Poor,False,670000
Renault,Kiger,RXT,2018,Petrol,Manual,84681,949,20.0,1st Owner,Ahmedabad,5,Good,True,225000
BMW,5 Series,530d M Sport,2022,Petrol,Automatic,24775,1995,16.5,3rd Owner,Hyderabad,5,Poor,False,2235000
Honda,Amaze,VX,2022,Petrol,Manual,38986,1149,19.2,1st Owner,Vadodara,5,Excellent,False,445000
Tata,Safari,Accomplished,2024,Diesel,Automatic,20716,2006,14.9,4+ Owners,Jaipur,7,Fair,False,865000
Renault,Kwid,RXT,2021,Petrol,Manual,29468,949,22.3,1st Owner,Vadodara,5,Poor,True,190000
Tata,Harrier,Fearless,2023,Diesel,Automatic,34901,1956,16.4,4+ Owners,Delhi,5,Poor,True,630000
Toyota,Camry,2.5 Hybrid,2016,Hybrid,Automatic,128548,2487,18.3,3rd Owner,Lucknow,5,Poor,False,665000
Mercedes-Benz,GLC,GLC 300,2021,Diesel,Automatic,58235,2043,14.4,2nd Owner,Pune,5,Excellent,False,2925000
Honda,WR-V,SV,2021,Diesel,Manual,73421,1548,18.0,3rd Owner,Surat,5,Fair,False,295000
Kia,Seltos,HTE,2023,Petrol,Manual,41162,1447,16.0,4+ Owners,Surat,5,Fair,False,480000
Hyundai,Creta,SX(O),2015,Petrol,Manual,122278,1547,16.1,3rd Owner,Kolkata,5,Fair,True,350000
Tata,Punch,Creative,2019,CNG,Manual,70459,1199,18.9,4+ Owners,Chennai,5,Good,True,170000
Audi,A6,45 TFSI Premium Plus,2021,Petrol,Automatic,68408,1934,14.4,2nd Owner,Delhi,5,Excellent,True,3020000
Mercedes-Benz,C-Class,C 200,2023,Petrol,Automatic,28216,1943,15.7,3rd Owner,Chandigarh,5,Poor,True,2285000
Maruti Suzuki,Grand Vitara,Alpha,2023,Hybrid,Manual,25614,1490,28.0,2nd Owner,Vadodara,5,Fair,False,620000
MG,Hector,Style,2020,Petrol,Automatic,68367,1956,17.2,4+ Owners,Chandigarh,5,Fair,True,435000
MG,Hector,Smart,2016,Diesel,Manual,114588,2006,15.3,2nd Owner,Pune,5,Poor,True,350000
Mercedes-Benz,C-Class,C 200,2019,Petrol,Automatic,59730,1993,17.6,2nd Owner,Kolkata,5,Good,False,1990000
Kia,Carens,Prestige,2020,Petrol,Automatic,80851,1447,17.3,2nd Owner,Chennai,7,Fair,False,405000
Hyundai,Creta,S,2014,Diesel,Automatic,94047,1447,18.2,4+ Owners,Bengaluru,5,Poor,False,350000
Renault,Kwid,CLIMBER,2017,Petrol,Manual,92144,949,22.1,4+ Owners,Chandigarh,5,Fair,False,120000
Honda,WR-V,VX,2013,Petrol,Manual,104526,1448,17.6,1st Owner,Ahmedabad,5,Good,False,150000
Renault,Kwid,RXT,2023,Petrol,Automatic,42328,1049,23.4,1st Owner,Delhi,5,Good,True,370000
Maruti Suzuki,Baleno,Alpha,2016,Petrol,Automatic,86059,1147,23.3,2nd Owner,Chandigarh,5,Excellent,False,170000
Hyundai,i20,Sportz,2019,Petrol,Manual,71462,1247,20.5,1st Owner,Bengaluru,5,Poor,True,210000
Hyundai,Grand i10 Nios,Asta,2020,Petrol,Manual,46043,1247,20.2,1st Owner,Lucknow,5,Good,True,280000
Volkswagen,Taigun,Topline,2019,Petrol,Manual,40374,1548,18.0,1st Owner,Kolkata,5,Poor,False,370000
Honda,Amaze,S,2017,Petrol,Automatic,90607,1199,17.4,1st Owner,Pune,5,Fair,False,195000
Renault,Kwid,RXT,2020,Petrol,Automatic,35241,999,20.9,2nd Owner,Mumbai,5,Fair,True,180000
Honda,City,ZX,2024,Petrol,Automatic,14664,1448,16.8,4+ Owners,Vadodara,5,Excellent,True,755000
Renault,Kiger,RXE,2015,Petrol,Manual,164285,949,19.6,3rd Owner,Bengaluru,5,Poor,False,120000
Tata,Tiago,XE,2015,Petrol,Manual,83747,1199,19.9,3rd Owner,Surat,5,Fair,True,120000
BMW,3 Series,320d Luxury Line,2019,Diesel,Automatic,51008,1995,15.9,1st Owner,Delhi,5,Poor,False,1465000
BMW,X1,sDrive20i,2024,Petrol,Automatic,19122,1945,15.8,4+ Owners,Lucknow,5,Fair,True,2080000
Honda,City,V,2015,Petrol,Automatic,84988,1548,18.7,3rd Owner,Hyderabad,5,Excellent,False,350000
Maruti Suzuki,Wagon R,LXi,2014,CNG,Manual,85531,948,25.0,3rd Owner,Mumbai,5,Fair,False,120000
Toyota,Camry,2.5 Hybrid,2020,Hybrid,Automatic,89070,2487,18.4,4+ Owners,Chandigarh,5,Poor,True,1070000
Skoda,Octavia,Style,2013,Petrol,Automatic,136876,1934,15.3,2nd Owner,Pune,5,Fair,True,365000
Tata,Safari,Pure,2020,Diesel,Manual,54504,1906,16.5,1st Owner,Lucknow,7,Good,True,795000
Hyundai,Creta,EX,2014,Petrol,Automatic,80434,1447,17.8,1st Owner,Delhi,5,Excellent,False,350000
Toyota,Fortuner,Legender,2018,Petrol,Manual,109955,2755,15.3,4+ Owners,Kochi,7,Excellent,True,795000
MG,Astor,Smart,2021,Petrol,Automatic,70044,1548,14.5,2nd Owner,Vadodara,5,Excellent,True,565000
Mercedes-Benz,E-Class,E 220d,2020,Petrol,Automatic,70164,2043,13.7,2nd Owner,Jaipur,5,Excellent,True,3255000
Hyundai,Verna,SX,2024,Diesel,Automatic,28790,1497,18.3,1st Owner,Chandigarh,5,Fair,True,815000
Kia,Carens,Premium,2014,Diesel,Manual,99681,1497,16.3,3rd Owner,Delhi,7,Poor,False,350000
Maruti Suzuki,Brezza,VXi,2023,Petrol,Manual,32097,1412,19.2,2nd Owner,Kolkata,5,Poor,True,400000
Honda,Amaze,E,2022,Petrol,Manual,59259,1249,18.8,4+ Owners,Kochi,5,Good,False,285000
Volkswagen,Virtus,GT Plus,2015,Petrol,Manual,130914,1548,19.0,2nd Owner,Surat,5,Fair,True,350000
Renault,Kwid,CLIMBER,2023,Petrol,Manual,45028,999,21.4,3rd Owner,Chennai,5,Good,False,240000
Skoda,Slavia,Ambition,2024,Petrol,Automatic,16216,1548,17.2,4+ Owners,Vadodara,5,Poor,False,465000
Tata,Safari,Pure,2018,Diesel,Manual,84904,1956,16.7,1st Owner,Lucknow,7,Excellent,False,620000
Honda,WR-V,SV,2014,Diesel,Manual,92194,1498,18.1,3rd Owner,Surat,5,Fair,True,130000
Kia,Seltos,GTX+,2015,Diesel,Manual,104321,1497,16.9,3rd Owner,Chennai,5,Fair,False,350000
BMW,3 Series,320d Sport,2023,Diesel,Automatic,32073,1945,14.9,1st Owner,Kolkata,5,Fair,False,3045000
Toyota,Glanza,G,2020,CNG,Manual,48669,1247,21.7,3rd Owner,Ahmedabad,5,Good,True,270000
Hyundai,i20,Magna,2014,Petrol,Automatic,167396,1197,20.8,3rd Owner,Bengaluru,5,Poor,True,120000
BMW,3 Series,330i M Sport,2016,Diesel,Automatic,81270,1945,17.2,1st Owner,Kolkata,5,Fair,True,1145000
MG,Hector,Shine,2017,Diesel,Manual,85385,1956,17.2,2nd Owner,Chennai,5,Fair,True,365000
Maruti Suzuki,Ciaz,Sigma,2015,Petrol,Automatic,119941,1512,19.9,4+ Owners,Bengaluru,5,Fair,True,135000
Audi,Q3,35 TDI Quattro,2017,Diesel,Automatic,119668,2034,16.5,4+ Owners,Delhi,5,Excellent,False,910000
Renault,Kiger,RXT,2016,Petrol,Automatic,75189,949,19.2,4+ Owners,Chandigarh,5,Excellent,False,135000
Kia,Seltos,HTX,2020,Petrol,Automatic,34559,1447,18.2,3rd Owner,Mumbai,5,Good,True,460000
Maruti Suzuki,Swift,ZXi,2013,Petrol,Automatic,118017,1197,23.2,2nd Owner,Vadodara,5,Good,True,120000
Maruti Suzuki,Ciaz,Alpha,2014,Petrol,Automatic,101813,1412,21.1,4+ Owners,Kochi,5,Poor,False,120000
Toyota,Innova Crysta,GX,2013,Diesel,Automatic,96603,2393,16.1,2nd Owner,Chennai,7,Poor,True,350000
Honda,Civic,V,2016,Diesel,Automatic,120022,1749,16.6,3rd Owner,Surat,5,Fair,False,350000
MG,Astor,Sharp,2016,Petrol,Manual,94090,1498,14.2,4+ Owners,Chandigarh,5,Poor,True,350000
Kia,Seltos,GTX+,2017,Petrol,Manual,107983,1547,16.3,1st Owner,Pune,5,Excellent,False,365000
Honda,City,V,2018,Hybrid,Manual,70175,1498,18.6,4+ Owners,Chandigarh,5,Poor,False,350000
Audi,Q3,40 TFSI,2016,Diesel,Automatic,139105,1934,17.0,3rd Owner,Lucknow,5,Excellent,True,870000
Hyundai,Grand i10 Nios,Sportz,2015,CNG,Manual,92860,1197,21.7,3rd Owner,Delhi,5,Excellent,True,120000
Mahindra,Bolero,B6,2013,Diesel,Manual,149137,1493,15.2,2nd Owner,Kochi,7,Fair,True,120000
Volkswagen,Polo,Highline,2013,Petrol,Automatic,156494,999,19.4,4+ Owners,Lucknow,5,Fair,False,120000
BMW,3 Series,330i M Sport,2014,Petrol,Automatic,137822,1995,16.0,1st Owner,Delhi,5,Poor,False,690000
Audi,A4,40 TFSI Technology,2022,Petrol,Automatic,53425,1934,16.5,4+ Owners,Kolkata,5,Fair,True,1645000
Audi,A4,40 TFSI Technology,2017,Petrol,Automatic,51099,2034,16.7,1st Owner,Pune,5,Excellent,True,1550000
Kia,Carens,Luxury,2020,Diesel,Manual,90994,1447,17.1,2nd Owner,Vadodara,7,Poor,False,350000
Mahindra,XUV700,AX7L,2017,Diesel,Manual,98187,2184,14.7,2nd Owner,Mumbai,7,Fair,True,365000
Tata,Nexon,Fearless,2016,Petrol,Automatic,124028,1149,17.5,4+ Owners,Jaipur,5,Poor,True,120000
Skoda,Slavia,Style,2019,Petrol,Manual,71376,1448,17.9,1st Owner,Kolkata,5,Excellent,False,440000
Honda,Amaze,VX,2023,Petrol,Manual,44923,1199,17.9,3rd Owner,Hyderabad,5,Poor,False,260000
Tata,Tiago,XE,2023,Electric,Manual,21929,1199,21.2,1st Owner,Surat,5,Good,True,375000
Honda,Civic,VX,2024,Diesel,Automatic,30594,1799,15.7,4+ Owners,Pune,5,Poor,False,710000
Mahindra,Scorpio-N,Z6,2022,Petrol,Manual,44657,2184,13.3,3rd Owner,Kochi,7,Fair,True,610000
BMW,X1,sDrive20d,2014,Petrol,Automatic,146407,2045,15.7,2nd Owner,Hyderabad,5,Excellent,True,740000
Honda,Amaze,VX,2014,Petrol,Automatic,86828,1249,18.7,3rd Owner,Surat,5,Excellent,False,120000
Kia,Sonet,HTE,2019,Petrol,Automatic,45940,1197,17.7,1st Owner,Pune,5,Excellent,False,360000
Skoda,Kushaq,Monte Carlo,2015,Petrol,Automatic,117488,1548,19.4,2nd Owner,Kolkata,5,Poor,True,350000
Renault,Triber,RXE,2019,Petrol,Automatic,63012,949,19.5,2nd Owner,Hyderabad,7,Fair,True,220000
Mercedes-Benz,C-Class,C 220d,2018,Petrol,Automatic,114946,2043,17.4,3rd Owner,Lucknow,5,Fair,True,1280000
BMW,5 Series,520d Luxury Line,2024,Diesel,Automatic,25699,1995,17.2,3rd Owner,Bengaluru,5,Good,True,4000000
Hyundai,Verna,S+,2017,Petrol,Automatic,131882,1497,18.1,4+ Owners,Mumbai,5,Excellent,False,350000
Renault,Kiger,RXT,2013,Petrol,Automatic,161424,949,19.8,2nd Owner,Ahmedabad,5,Poor,True,120000
Mahindra,Thar,LX Diesel AT,2015,Petrol,Manual,119048,2184,15.1,1st Owner,Lucknow,4,Poor,True,350000
Audi,A6,45 TFSI Premium Plus,2023,Petrol,Automatic,35929,1934,14.6,1st Owner,Surat,5,Poor,True,3355000
BMW,3 Series,330i M Sport,2017,Diesel,Automatic,100625,1995,15.6,2nd Owner,Surat,5,Good,True,1335000
Mercedes-Benz,E-Class,E 200,2023,Diesel,Automatic,32306,1993,16.2,4+ Owners,Jaipur,5,Excellent,False,3520000
Volkswagen,Virtus,Topline,2018,Petrol,Automatic,61511,1498,18.8,3rd Owner,Mumbai,5,Good,False,350000
Honda,Civic,VX,2019,Petrol,Automatic,85627,1749,17.1,1st Owner,Lucknow,5,Excellent,True,765000
Mahindra,XUV300,W6,2015,Petrol,Automatic,130157,1547,18.9,4+ Owners,Chandigarh,5,Poor,True,120000
Hyundai,i20,Asta(O),2022,Petrol,Automatic,53380,1247,19.8,4+ Owners,Chandigarh,5,Poor,True,230000
Kia,Seltos,HTE,2018,Petrol,Automatic,54929,1547,16.1,2nd Owner,Bengaluru,5,Fair,True,355000
Tata,Punch,Pure,2014,Petrol,Automatic,129997,1249,21.3,1st Owner,Delhi,5,Poor,False,120000
Hyundai,Grand i10 Nios,Era,2022,CNG,Manual,50862,1247,20.3,3rd Owner,Hyderabad,5,Poor,True,200000
Tata,Punch,Adventure,2013,CNG,Manual,155013,1199,19.1,3rd Owner,Kolkata,5,Poor,False,120000
BMW,5 Series,520d Luxury Line,2022,Diesel,Automatic,25001,1945,18.4,1st Owner,Hyderabad,5,Good,False,3885000
Honda,Amaze,S,2021,Petrol,Automatic,57191,1149,19.3,3rd Owner,Bengaluru,5,Good,False,315000
Hyundai,Creta,SX(O),2021,Petrol,Manual,54738,1447,17.4,4+ Owners,Lucknow,5,Fair,False,365000
MG,Hector,Smart,2016,Petrol,Manual,74060,2006,16.6,4+ Owners,Kolkata,5,Excellent,True,350000
Kia,Sonet,GTX+,2016,Diesel,Automatic,137530,1247,17.1,2nd Owner,Bengaluru,5,Poor,False,135000
Toyota,Glanza,E,2016,Petrol,Automatic,66894,1247,22.8,3rd Owner,Mumbai,5,Good,False,155000
Mahindra,XUV700,MX,2023,Petrol,Manual,31951,2184,12.9,4+ Owners,Surat,7,Fair,False,630000
Hyundai,Grand i10 Nios,Sportz,2013,Petrol,Manual,159223,1247,20.6,1st Owner,Kolkata,5,Excellent,True,120000
Mercedes-Benz,E-Class,E 200,2015,Diesel,Automatic,160830,2043,14.6,2nd Owner,Jaipur,5,Good,True,1445000
Hyundai,Verna,EX,2017,Diesel,Automatic,130010,1497,18.8,2nd Owner,Ahmedabad,5,Excellent,False,350000
Volkswagen,Taigun,Topline,2015,Petrol,Manual,133474,1548,18.3,3rd Owner,Surat,5,Excellent,True,350000
Skoda,Kushaq,Style,2016,Petrol,Automatic,138908,1498,19.0,1st Owner,Surat,5,Good,False,350000
Mahindra,Thar,LX Diesel AT,2013,Petrol,Automatic,154385,2184,15.9,2nd Owner,Bengaluru,4,Good,False,350000
Mercedes-Benz,GLC,GLC 220d,2019,Petrol,Automatic,72079,1943,15.1,1st Owner,Ahmedabad,5,Poor,True,1880000
Mahindra,XUV700,AX7,2013,Diesel,Manual,169578,2184,12.5,2nd Owner,Mumbai,7,Good,True,350000
Skoda,Slavia,Active,2015,Petrol,Automatic,141178,1498,19.9,4+ Owners,Bengaluru,5,Excellent,True,350000
Honda,WR-V,VX,2021,Petrol,Manual,62509,1498,16.0,1st Owner,Chandigarh,5,Excellent,False,460000
Audi,A6,45 TFSI Technology,2017,Petrol,Automatic,129953,1934,13.6,4+ Owners,Lucknow,5,Poor,True,920000
Hyundai,Venue,S+,2024,Petrol,Automatic,23838,1247,18.0,4+ Owners,Surat,5,Good,True,510000
Skoda,Octavia,L&K,2021,Petrol,Automatic,44590,1934,17.2,2nd Owner,Chandigarh,5,Good,False,1350000
Kia,Seltos,HTX,2017,Diesel,Manual,60185,1547,15.7,1st Owner,Lucknow,5,Excellent,False,375000
Audi,A6,45 TFSI Technology,2024,Petrol,Automatic,9990,2034,14.6,1st Owner,Kolkata,5,Good,False,4900000
Volkswagen,Polo,Comfortline,2023,Petrol,Automatic,31908,999,19.0,2nd Owner,Lucknow,5,Excellent,False,420000
Hyundai,Grand i10 Nios,Sportz,2022,CNG,Automatic,33011,1147,19.6,2nd Owner,Mumbai,5,Fair,False,280000
MG,Astor,Super,2018,Petrol,Manual,56029,1448,15.6,3rd Owner,Lucknow,5,Excellent,False,350000
Renault,Triber,RXE,2015,Petrol,Automatic,72284,949,18.2,4+ Owners,Vadodara,7,Poor,False,120000
Kia,Seltos,GTX+,2015,Diesel,Manual,103473,1447,17.4,4+ Owners,Jaipur,5,Good,False,350000
MG,Hector,Style,2021,Petrol,Manual,63287,1906,16.4,2nd Owner,Vadodara,5,Poor,True,480000
Mercedes-Benz,E-Class,E 220d,2021,Petrol,Automatic,66660,1993,16.3,1st Owner,Jaipur,5,Fair,True,3305000
Audi,A4,40 TFSI Premium,2020,Petrol,Automatic,72699,1984,17.1,4+ Owners,Kolkata,5,Excellent,True,1615000
Mercedes-Benz,GLC,GLC 220d,2013,Petrol,Automatic,115935,1993,14.2,4+ Owners,Chennai,5,Excellent,False,770000
Mercedes-Benz,C-Class,C 220d,2023,Petrol,Automatic,34738,1993,16.7,4+ Owners,Delhi,5,Good,False,2655000
Volkswagen,Polo,Comfortline,2019,Petrol,Automatic,92418,949,19.5,3rd Owner,Chandigarh,5,Poor,False,155000
BMW,5 Series,520d Luxury Line,2024,Diesel,Automatic,22913,1995,18.2,3rd Owner,Kolkata,5,Fair,False,3620000
Audi,Q3,35 TDI Quattro,2018,Petrol,Automatic,52203,2034,15.4,1st Owner,Kochi,5,Excellent,True,1650000
Kia,Sonet,HTK,2016,Diesel,Manual,115925,1197,17.8,4+ Owners,Kolkata,5,Excellent,False,135000
Kia,Carens,Premium,2022,Petrol,Manual,28095,1497,16.3,1st Owner,Bengaluru,7,Poor,False,490000
Kia,Seltos,HTK,2023,Diesel,Automatic,35840,1547,16.2,2nd Owner,Kochi,5,Good,True,775000
Mahindra,XUV700,AX5,2018,Diesel,Manual,89695,2184,13.5,3rd Owner,Surat,7,Poor,True,350000
Skoda,Octavia,Style,2023,Petrol,Automatic,29617,1984,14.6,1st Owner,Vadodara,5,Poor,True,1515000
BMW,X1,sDrive20i,2022,Diesel,Automatic,58395,2045,17.2,2nd Owner,Vadodara,5,Poor,True,1615000
Skoda,Kushaq,Style,2020,Petrol,Manual,81247,1448,18.1,2nd Owner,Delhi,5,Good,True,485000
Toyota,Fortuner,2.8 4x2 AT,2024,Petrol,Manual,24739,2755,15.3,4+ Owners,Bengaluru,7,Fair,True,1635000
Toyota,Fortuner,2.8 4x4 AT,2017,Diesel,Automatic,92077,2755,15.2,2nd Owner,Pune,7,Good,True,935000
Maruti Suzuki,Swift,VXi,2018,CNG,Manual,50990,1147,22.3,4+ Owners,Kolkata,5,Good,False,150000
Audi,Q3,35 TDI Quattro,2017,Diesel,Automatic,110376,1934,15.6,4+ Owners,Vadodara,5,Good,True,860000
Mercedes-Benz,GLC,GLC 300,2013,Diesel,Automatic,195666,2043,14.1,3rd Owner,Vadodara,5,Good,False,745000
Maruti Suzuki,Ciaz,Delta,2016,Petrol,Manual,124139,1462,19.0,3rd Owner,Ahmedabad,5,Poor,True,130000
Hyundai,Venue,S,2016,Petrol,Automatic,120156,1147,17.4,4+ Owners,Bengaluru,5,Excellent,True,175000
BMW,5 Series,530d M Sport,2022,Petrol,Automatic,57348,2045,16.1,1st Owner,Ahmedabad,5,Good,False,3985000
BMW,3 Series,320d Sport,2013,Petrol,Automatic,88604,1995,15.8,4+ Owners,Ahmedabad,5,Good,True,615000
